episode_id,account_alias,coin,entry_time,exit_time,raw_closed_pnl,reconstructed_closed_pnl,closed_pnl_diff,raw_fee_total_including_builder,reconstructed_fee,fee_diff,raw_builder_fee_component,builder_fee_contained_in_fee,raw_funding,reconstructed_funding,funding_diff,raw_net_pnl_without_builder_readd,reconstructed_net_pnl,net_pnl_diff,twap_fill_segments,status,difference_reason
A01-A001,A01,SUI,1789983252770,1789984776735,9191.897777,9191.897777,0,217.638449,217.638449,0,0,True,0,0,0,8974.259328,8974.259328,0,0,PASS,
A01-A002,A01,ADA,1789983437161,1789984857678,3329.247706,3329.247706,0,185.695876,185.695876,0,0,True,2.558145,2.558145,0,3146.109975,3146.109975,0,0,PASS,
A01-A003,A01,PENGU,1790139471613,1790141045008,2811.368418,2811.368418,0,195.517225,195.517225,0,0,True,17.607189,17.607189,0,2633.458382,2633.458382,0,0,PASS,
A02-A001,A02,FARTCOIN,1788249737576,1788451423572,329.53004,329.53004,0,10.402641,10.402641,0,0,True,18.182996,18.182996,0,337.310395,337.310395,0,0,PASS,
A02-A002,A02,PUMP,1788652950484,1788778156366,-1776.330946,-1776.330946,0,11.797031,11.797031,0,0,True,3.249911,3.249911,0,-1784.878066,-1784.878066,0,0,PASS,
A02-A003,A02,TRUMP,1788710549327,1789718650323,2751.875832,2751.875832,0,13.930873,13.930873,0,0,True,-77.475243,-77.475243,0,2660.469716,2660.469716,0,0,PASS,
A02-A004,A02,FARTCOIN,1788768141015,1789632542128,1995.49284,1995.492840,0,7.988293,7.988293,0,0,True,33.685766,33.685766,0,2021.190313,2021.190313,0,0,PASS,
A02-A005,A02,PENGU,1788912148109,1789632341889,2078.583173,2078.583173,0,12.348129,12.348129,0,0,True,9.582447,9.582447,0,2075.817491,2075.817491,0,0,PASS,
A02-A006,A02,ENA,1789027344625,1789696178062,-1792.766464,-1792.766464,0,21.267097,21.267097,0,0,True,43.012335,43.012335,0,-1771.021226,-1771.021226,0,0,PASS,
A02-A007,A02,XPL,1789056147989,1789632428756,189.995111,189.995111,0,11.591597,11.591597,0,0,True,31.463302,31.463302,0,209.866816,209.866816,0,0,PASS,
A02-A008,A02,SUI,1789085174004,1789603455380,695.802822,695.802822,0,18.678236,18.678236,0,0,True,37.65519,37.655190,0,714.779776,714.779776,0,0,PASS,
A02-A009,A02,BNB,1789113772367,1789344337075,189.976952,189.976952,0,97.404631,97.404631,0,0,True,-82.839056,-82.839056,0,9.733265,9.733265,0,0,PASS,
A02-A010,A02,XRP,1789142638021,1789228903266,-129.094927,-129.094927,0,27.23995,27.239950,0,0,True,-2.60933,-2.60933,0,-158.944207,-158.944207,0,0,PASS,
A02-A011,A02,BNB,1789372961648,1789402032310,-484.940675,-484.940675,0,91.196466,91.196466,0,0,True,0,0,0,-576.137141,-576.137141,0,0,PASS,
A02-A012,A02,BTC,1789402066508,1789459733361,-3029.6306,-3029.63060,0,122.057304,122.057304,0,0,True,-12.648858,-12.648858,0,-3164.336762,-3164.336762,0,0,PASS,
A02-A013,A02,XRP,1789402070806,1789497613419,-4038.068304,-4038.068304,0,85.385882,85.385882,0,0,True,-23.050964,-23.050964,0,-4146.50515,-4146.505150,0,0,PASS,
A02-A014,A02,FET,1789459501361,1789660975939,-1134.738423,-1134.738423,0,10.411528,10.411528,0,0,True,8.668218,8.668218,0,-1136.481733,-1136.481733,0,0,PASS,
A02-A015,A02,AAVE,1789516970640,1789701344098,-3185.8874,-3185.8874,0,22.796802,22.796802,0,0,True,10.684014,10.684014,0,-3198.000188,-3198.000188,0,0,PASS,
A02-A016,A02,FIL,1789574650021,1789701549751,-3256.931096,-3256.931096,0,17.130464,17.130464,0,0,True,9.633096,9.633096,0,-3264.428464,-3264.428464,0,0,PASS,
A02-A017,A02,ETH,1789661071200,1789689764656,-1294.45707,-1294.45707,0,107.641984,107.641984,0,0,True,-22.325795,-22.325795,0,-1424.424849,-1424.424849,0,0,PASS,
A02-A018,A02,PENGU,1789920165626,1789952615599,-3700.756933,-3700.756933,0,36.36305,36.363050,0,0,True,1.018867,1.018867,0,-3736.101116,-3736.101116,0,0,PASS,
A03-A001,A03,PUMP,1788237068933,1788633448339,-656.29809,-656.29809,0,4.03743,4.037430,0,0,True,-5.544138,-5.544138,0,-665.879658,-665.879658,0,0,PASS,
A03-A002,A03,LIT,1788238590570,1788467090936,927.03646,927.03646,0,5.587084,5.587084,0,0,True,-0.443496,-0.443496,0,921.00588,921.005880,0,0,PASS,
A03-A003,A03,CHIP,1788313685624,1788458166242,2524.574928,2524.574928,0,11.478789,11.478789,0,0,True,-4.347717,-4.347717,0,2508.748422,2508.748422,0,0,PASS,
A03-A004,A03,CHIP,1789005284100,1789477989554,-7176.502602,-7176.502602,0,27.590585,27.590585,0,0,True,-38.519342,-38.519342,0,-7242.612529,-7242.612529,0,0,PASS,
A03-A005,A03,PUMP,1789133120597,1790083844823,4082.485387,4082.485387,0,19.050498,19.050498,0,0,True,-61.231189,-61.231189,0,4002.2037,4002.203700,0,0,PASS,
A03-A006,A03,LIT,1789136196622,1789650692258,1828.088414,1828.088414,0,18.94147,18.941470,0,0,True,-30.872037,-30.872037,0,1778.274907,1778.274907,0,0,PASS,
A03-A007,A03,CHIP,1789478164538,1790072722329,2915.17496,2915.174960,0,13.808865,13.808865,0,0,True,-49.481627,-49.481627,0,2851.884468,2851.884468,0,0,PASS,
A03-A008,A03,LIT,1790692910071,1790724545056,-5787.962732,-5787.962732,0,40.771488,40.771488,0,0,True,-5.549363,-5.549363,0,-5834.283583,-5834.283583,0,0,PASS,
A03-A009,A03,NEAR,1790707401786,1790752322028,-4275.330385,-4275.330385,0,67.400744,67.400744,0,0,True,-12.63346,-12.633460,0,-4355.364589,-4355.364589,0,0,PASS,
A05-A001,A05,PONS,1788671817604,1788672306476,751.56225,751.56225,0,44.952816,44.952816,0,20.150227,True,0,0,0,706.609434,706.609434,0,0,PASS,
A05-A002,A05,HYPE,1789081709736,1789084478453,-49.551228,-49.551228,0,236.3869253607840068854896131,236.3869253607840068854896131,0,119.9897046224717342826962951,True,0,0,0,-285.9381533607840068854896131,-285.9381533607840068854896131,0,0,PASS,
A05-A003,A05,HYPE,1789084478453,1789084479403,-0.60424,-0.60424,0,1.733671639215993114510386918,1.733671639215993114510386918,0,0.6934323775282657173037048629,True,0,0,0,-2.337911639215993114510386918,-2.337911639215993114510386918,0,0,PASS,
A05-A004,A05,LINK,1789133401836,1789134245717,1571.622909,1571.622909,0,183.547747,183.547747,0,80.313825,True,0,0,0,1388.075162,1388.075162,0,0,PASS,
A05-A005,A05,HYPE,1789651257764,1789651259425,25.11044,25.11044,0,149.982954,149.982954,0,59.994685,True,0,0,0,-124.872514,-124.872514,0,0,PASS,
A05-A006,A05,HYPE,1789651264135,1789651265997,134.912758,134.912758,0,262.253725,262.253725,0,104.909581,True,0,0,0,-127.340967,-127.340967,0,0,PASS,
A05-A007,A05,HYPE,1789651274121,1789651308777,160.937254,160.937254,0,194.995801,194.995801,0,59.998676,True,0,0,0,-34.058547,-34.058547,0,0,PASS,
A05-A008,A05,HYPE,1789651358325,1789651417924,2053.902503,2053.902503,0,253.214233,253.214233,0,119.588649,True,0,0,0,1800.68827,1800.688270,0,0,PASS,
A05-A009,A05,BTC,1789724572190,1789732864634,0.00254,0.00254,0,0.128783,0.128783,0,0.039625,True,-0.003722,-0.003722,0,-0.129965,-0.129965,0,0,PASS,
A06-A001,A06,HYPE,1789693105225,1789708580236,-135.46167,-135.461670,0,7.435179,7.435179,0,0,True,0.542025,0.542025,0,-142.354824,-142.354824,0,0,PASS,
A07-A001,A07,LIT,1788250840003,1788396616726,-317.253446,-317.253446,0,3.29902,3.299020,0,0,True,1.23055,1.230550,0,-319.321916,-319.321916,0,0,PASS,
A07-A002,A07,SOL,1788251005324,1788251819348,20.6528,20.6528,0,4.85689,4.856890,0,0,True,0,0,0,15.79591,15.795910,0,0,PASS,
A07-A003,A07,ETH,1788251861859,1788447608159,-221.68412,-221.68412,0,9.921476,9.921476,0,0,True,9.051622,9.051622,0,-222.553974,-222.553974,0,0,PASS,
A07-A004,A07,BTC,1788422910654,1788448447791,-125.54388,-125.54388,0,2.824052,2.824052,0,0,True,0.333013,0.333013,0,-128.034919,-128.034919,0,0,PASS,
A07-A005,A07,HYPE,1788448478730,1788458478565,44.31,44.31,0,6.45959,6.459590,0,0,True,-0.320558,-0.320558,0,37.529852,37.529852,0,0,PASS,
A07-A006,A07,SOL,1788458506615,1788459246620,-0.8532,-0.8532,0,6.579508,6.579508,0,0,True,0,0,0,-7.432708,-7.432708,0,0,PASS,
A07-A007,A07,SOL,1788459254569,1788596761217,-492.507,-492.507,0,12.918822,12.918822,0,0,True,-6.164908,-6.164908,0,-511.59073,-511.590730,0,0,PASS,
A07-A008,A07,SOL,1788596783043,1788598966677,-127.1889,-127.1889,0,18.753847,18.753847,0,0,True,0.319795,0.319795,0,-145.622952,-145.622952,0,0,PASS,
A07-A009,A07,BTC,1788598977590,1788705141646,-225.44316,-225.44316,0,33.005532,33.005532,0,0,True,-13.742115,-13.742115,0,-272.190807,-272.190807,0,0,PASS,
A07-A010,A07,SOL,1788746850159,1788766397944,-103.3137,-103.3137,0,8.340831,8.340831,0,0,True,-1.072571,-1.072571,0,-112.727102,-112.727102,0,0,PASS,
A07-A011,A07,SOL,1788770172320,1788770920856,-39.6631,-39.6631,0,10.914299,10.914299,0,0,True,0,0,0,-50.577399,-50.577399,0,0,PASS,
A08-A001,A08,xyz:CL,1788295714087,1788295750179,-58.329502,-58.329502,0,31.073738,31.073738,0,0,True,0,0,0,-89.40324,-89.403240,0,0,PASS,
A08-A002,A08,BTC,1788966043558,1788966083523,122.8971,122.89710,0,155.484318,155.484318,0,0,True,0,0,0,-32.587218,-32.587218,0,0,PASS,
A09-A001,A09,HYPE,1789980838292,1790014988942,-38077.4504,-38077.45040,0,1383.111419,1383.111419,0,0,True,-497.710579,-497.710579,0,-39958.272398,-39958.272398,0,0,PASS,
A09-A002,A09,ZEC,1789980861639,1790016316850,-37858.01975,-37858.01975,0,1223.562704,1223.562704,0,0,True,-197.294137,-197.294137,0,-39278.876591,-39278.876591,0,0,PASS,
A10-A001,A10,VVV,1789953430624,1789955661099,1159.377695,1159.377695,0,235.938346,235.938346,0,0,True,0,0,0,923.439349,923.439349,0,0,PASS,
A10-A002,A10,VVV,1789957588387,1789960834151,5863.724281,5863.724281,0,238.884549,238.884549,0,0,True,-24.342177,-24.342177,0,5600.497555,5600.497555,0,0,PASS,
A11-A001,A11,BTC,1788570678113,1788632637060,1386.63999,1386.639990,0,288.000645,288.000645,0,0,True,0,0,0,1098.639345,1098.639345,0,0,PASS,
A11-A002,A11,ETH,1789176266738,1789241594532,486.57386,486.573860,0,302.601939,302.601939,0,0,True,-42.49296,-42.492960,0,141.478961,141.478961,0,0,PASS,
A11-A003,A11,ETH,1789308828038,1789337172007,981.85262,981.85262,0,157.311391,157.311391,0,0,True,-26.747553,-26.747553,0,797.793676,797.793676,0,0,PASS,
A11-A004,A11,BTC,1789498213734,1789498931422,3941.96026,3941.96026,0,207.10931,207.109310,0,0,True,-3.729193,-3.729193,0,3731.121757,3731.121757,0,0,PASS,
