group,episodes,nonzero_funding_episodes,positive_funding_episodes,negative_funding_episodes,funding_total_usdc,funding_min_usdc,funding_max_usdc
ALL,61,44,18,26,-1004.713607,-497.710579,43.012335
A01,3,2,2,0,20.165334,0,17.607189
A02,18,17,11,6,-14.113104,-82.839056,43.012335
A03,9,9,0,9,-208.622369,-61.231189,-0.443496
A05,9,1,0,1,-0.003722,-0.003722,0
A06,1,1,1,0,0.542025,0.542025,0.542025
A07,11,8,4,4,-10.365172,-13.742115,9.051622
A08,2,0,0,0,0,0,0
A09,2,2,0,2,-695.004716,-497.710579,-197.294137
A10,2,1,0,1,-24.342177,-24.342177,0
A11,4,3,0,3,-72.969706,-42.49296,0
