episode_id,account_alias,coin,side,sample_role,fomo_status,late_status,averaging_down_status,profit_pyramiding_status,revenge_status,market_rules_recomputed,add_aggregate_consistent,revenge_sequence_consistent,review_status
A01-M001,A01,SUI,SHORT,ALL_TRUE,FALSE,FALSE,FALSE,TRUE,UNAVAILABLE,True,True,True,PASS
A01-M002,A01,ADA,SHORT,ALL_TRUE,FALSE,FALSE,TRUE,TRUE,UNAVAILABLE,True,True,True,PASS
A01-M003,A01,PENGU,SHORT,ALL_TRUE,FALSE,FALSE,FALSE,TRUE,FALSE,True,True,True,PASS
A02-M012,A02,BTC,LONG,ALL_TRUE,FALSE,FALSE,FALSE,FALSE,TRUE,True,True,True,PASS
A02-M013,A02,XRP,LONG,ALL_TRUE,FALSE,FALSE,FALSE,FALSE,TRUE,True,True,True,PASS
A02-M014,A02,FET,SHORT,STRATIFIED_FALSE,FALSE,FALSE,FALSE,FALSE,FALSE,True,True,True,PASS
A02-M015,A02,AAVE,SHORT,STRATIFIED_FALSE,FALSE,FALSE,FALSE,FALSE,FALSE,True,True,True,PASS
A02-M017,A02,ETH,LONG,ALL_TRUE,FALSE,FALSE,FALSE,FALSE,TRUE,True,True,True,PASS
A03-M007,A03,CHIP,LONG,ALL_TRUE,FALSE,FALSE,TRUE,FALSE,FALSE,True,True,True,PASS
A03-M008,A03,LIT,LONG,ALL_TRUE,FALSE,FALSE,FALSE,TRUE,FALSE,True,True,True,PASS
A03-M009,A03,NEAR,LONG,ALL_TRUE,FALSE,TRUE,FALSE,TRUE,FALSE,True,True,True,PASS
A05-M005,A05,HYPE,SHORT,STRATIFIED_FALSE,FALSE,FALSE,FALSE,FALSE,FALSE,True,True,True,PASS
A05-M006,A05,HYPE,SHORT,ALL_TRUE,FALSE,FALSE,TRUE,FALSE,FALSE,True,True,True,PASS
A05-M008,A05,HYPE,SHORT,ALL_TRUE,FALSE,FALSE,TRUE,FALSE,TRUE,True,True,True,PASS
A05-M009,A05,BTC,LONG,STRATIFIED_FALSE,FALSE,FALSE,FALSE,FALSE,FALSE,True,True,True,PASS
A06-M001,A06,HYPE,SHORT,STRATIFIED_FALSE,FALSE,FALSE,FALSE,FALSE,UNAVAILABLE,True,True,True,PASS
A09-M001,A09,HYPE,LONG,STRATIFIED_FALSE,FALSE,FALSE,FALSE,FALSE,UNAVAILABLE,True,True,True,PASS
A09-M002,A09,ZEC,LONG,ALL_TRUE,FALSE,TRUE,FALSE,TRUE,UNAVAILABLE,True,True,True,PASS
A10-M001,A10,VVV,LONG,ALL_TRUE,FALSE,FALSE,FALSE,TRUE,UNAVAILABLE,True,True,True,PASS
A10-M002,A10,VVV,LONG,ALL_TRUE,TRUE,FALSE,FALSE,TRUE,FALSE,True,True,True,PASS
A11-M004,A11,BTC,LONG,STRATIFIED_FALSE,FALSE,FALSE,FALSE,FALSE,FALSE,True,True,True,PASS
