episode_id,account_alias,coin,side,entry_time,config_version,fomo_label,fomo_status,fomo_score,fomo_triggered_rules,fomo_missing_required_features,late_label,late_status,late_score,late_triggered_rules,late_missing_required_features,averaging_down_label,averaging_down_status,averaging_down_score,averaging_down_triggered_rules,averaging_down_missing_required_features,profit_pyramiding_label,profit_pyramiding_status,profit_pyramiding_score,profit_pyramiding_triggered_rules,profit_pyramiding_missing_required_features,revenge_label,revenge_status,revenge_score,revenge_triggered_rules,revenge_missing_required_features,adds_count,adverse_add_count,adverse_add_size_ratio,worst_adverse_add_distance,profit_add_count,profit_add_size_ratio,revenge_gap_minutes,revenge_initial_notional_ratio,revenge_previous_same_coin,revenge_side_relation
A01-M001,A01,SUI,SHORT,2026-09-21T09:34:12.770000Z,1.0.0,,FALSE,0,,,,FALSE,0,,,,FALSE,0,,,PROFIT_PYRAMIDING_SHORT,TRUE,1,qualifying_profit_add,,,UNAVAILABLE,,,previous_non_overlapping_episode,64,0,0,0,5,58.65412515717187348873198569,,,,
A01-M002,A01,ADA,SHORT,2026-09-21T09:37:17.161000Z,1.0.0,,FALSE,0.25,volume_expansion_15m,,,FALSE,0,,,AVERAGING_DOWN_SHORT,TRUE,1,qualifying_adverse_add,,PROFIT_PYRAMIDING_SHORT,TRUE,1,qualifying_profit_add,,,UNAVAILABLE,,,previous_non_overlapping_episode,72,1,64.29969879518072289156626506,0.0005443469600252688150851438036,1,64.29969879518072289156626506,,,,
A01-M003,A01,PENGU,SHORT,2026-09-23T04:57:51.613000Z,1.0.0,,FALSE,0.25,direction_return_5m,,,FALSE,0,,,,FALSE,0,,,PROFIT_PYRAMIDING_SHORT,TRUE,1,qualifying_profit_add,,,FALSE,0,,,85,0,0,0,4,989.3130002163097555699762059,2576.89891667,0.1038801576644422853198716971,False,SAME
A02-M012,A02,BTC,LONG,2026-09-14T16:07:46.508000Z,1.0.0,,FALSE,0,,,,FALSE,0.333333333333,near_or_beyond_prior_edge,,,FALSE,0,,,,FALSE,0,,,REVENGE_CANDIDATE,TRUE,1,previous_episode_loss|reentry_within_window|initial_notional_size_up,,8,0,0,0,0,0,0.569966666667,114.9024385744488541753168753,False,SAME
A02-M013,A02,XRP,LONG,2026-09-14T16:07:50.806000Z,1.0.0,,FALSE,0,,,,FALSE,0.333333333333,near_or_beyond_prior_edge,,,FALSE,0,,,,FALSE,0,,,REVENGE_CANDIDATE,TRUE,1,previous_episode_loss|reentry_within_window|initial_notional_size_up,,26,0,0,0,0,0,0.6416,182.4269993780156603484396751,False,SAME
A02-M014,A02,FET,SHORT,2026-09-15T08:05:01.361000Z,1.0.0,,FALSE,0.75,direction_return_5m|volume_expansion_15m|directional_range_edge,,,FALSE,0.666666666667,directional_range_edge|near_or_beyond_prior_edge,,,FALSE,0,,,,FALSE,0,,,,FALSE,0.666666666667,previous_episode_loss|initial_notional_size_up,,88,0,0,0,0,0,957.817516667,4.080409751316530205014672622,False,OPPOSITE
A02-M015,A02,AAVE,SHORT,2026-09-16T00:02:50.640000Z,1.0.0,,FALSE,0.25,direction_return_5m,,,FALSE,0.333333333333,near_or_beyond_prior_edge,,,FALSE,0,,,,FALSE,0,,,,FALSE,0.333333333333,previous_episode_loss,,26,0,0,0,0,0,322.62035,0.0125968007740481005036136612,False,OPPOSITE
A02-M016,A02,FIL,SHORT,2026-09-16T16:04:10.021000Z,1.0.0,,FALSE,0.25,direction_return_5m,,,FALSE,0,,,,FALSE,0,,,,FALSE,0,,,,FALSE,0.666666666667,previous_episode_loss|initial_notional_size_up,,1,0,0,0,0,0,1283.94336667,2.486141384758308355111584674,False,OPPOSITE
A02-M017,A02,ETH,LONG,2026-09-17T16:04:31.200000Z,1.0.0,,FALSE,0.25,direction_return_5m,,,FALSE,0.333333333333,near_or_beyond_prior_edge,,,FALSE,0,,,,FALSE,0,,,REVENGE_CANDIDATE,TRUE,1,previous_episode_loss|reentry_within_window|initial_notional_size_up,,12,0,0,0,0,0,1.58768333333,20.8914342446504869317044242,False,OPPOSITE
A02-M018,A02,PENGU,SHORT,2026-09-20T16:02:45.626000Z,1.0.0,,FALSE,0.25,volume_expansion_15m,,,FALSE,0,,,,FALSE,0,,,,FALSE,0,,,,FALSE,0,,,60,0,0,0,0,0,3358.58838333,0.4007689791315202260580540265,False,SAME
A03-M007,A03,CHIP,LONG,2026-09-15T13:16:04.538000Z,1.0.0,,FALSE,0.25,volume_expansion_15m,,,FALSE,0,,,AVERAGING_DOWN_LONG,TRUE,1,qualifying_adverse_add,,,FALSE,0,,,,FALSE,0.666666666667,previous_episode_loss|reentry_within_window,,27,2,166.7785234899328859060402685,0.03224684707253644116441920894,0,0,2.9164,0.7183396788268903737231539786,True,SAME
A03-M008,A03,LIT,LONG,2026-09-29T14:41:50.071000Z,1.0.0,,FALSE,0.5,direction_return_15m|directional_range_edge,,,FALSE,0.666666666667,directional_range_edge|near_or_beyond_prior_edge,,,FALSE,0,,,PROFIT_PYRAMIDING_LONG,TRUE,1,qualifying_profit_add,,,FALSE,0.333333333333,initial_notional_size_up,,50,0,0,0,13,271.8888888888888888888888889,10151.0874667,2.655164396739120310570482367,False,SAME
A03-M009,A03,NEAR,LONG,2026-09-29T18:43:21.786000Z,1.0.0,,FALSE,0.5,direction_return_5m|directional_range_edge,,LATE_LONG,TRUE,1,direction_return_1h|directional_range_edge|near_or_beyond_prior_edge,,,FALSE,0,,,PROFIT_PYRAMIDING_LONG,TRUE,1,qualifying_profit_add,,,FALSE,0.333333333333,initial_notional_size_up,,63,0,0,0,2,9.884892086330935251798561151,10392.61605,15.38115921645581772564684489,False,SAME
A05-M005,A05,HYPE,SHORT,2026-09-17T13:20:57.764000Z,1.0.0,,FALSE,0,,,,FALSE,0,,,,FALSE,0,,,,FALSE,0,,,,FALSE,0.333333333333,initial_notional_size_up,,0,0,0,0,0,0,8616.86745,28.4651488458851957898069619,False,OPPOSITE
A05-M006,A05,HYPE,SHORT,2026-09-17T13:21:04.135000Z,1.0.0,,FALSE,0,,,,FALSE,0,,,AVERAGING_DOWN_SHORT,TRUE,1,qualifying_adverse_add,,,FALSE,0,,,,FALSE,0.666666666667,previous_episode_loss|reentry_within_window,,6,1,0.4379868482026612529514310303,0.0006042296072507552870090634441,0,0,0.0785,1.000258379162321360729388058,True,SAME
A05-M007,A05,HYPE,SHORT,2026-09-17T13:21:14.121000Z,1.0.0,,FALSE,0,,,,FALSE,0,,,,FALSE,0,,,,FALSE,0,,,,FALSE,0.666666666667,previous_episode_loss|reentry_within_window,,36,0,0,0,0,0,0.1354,0.0332686745582632767428925367,True,SAME
A05-M008,A05,HYPE,SHORT,2026-09-17T13:22:38.325000Z,1.0.0,,FALSE,0,,,,FALSE,0,,,AVERAGING_DOWN_SHORT,TRUE,1,qualifying_adverse_add,,,FALSE,0,,,REVENGE_CANDIDATE,TRUE,1,previous_episode_loss|reentry_within_window|initial_notional_size_up,,1,1,0.9989643159777798700687317578,0.001035196687370600414078674948,0,0,0.8258,30.06613197714634862458014406,True,SAME
A05-M009,A05,BTC,LONG,2026-09-18T09:42:52.190000Z,1.0.0,,FALSE,0,,,,FALSE,0,,,,FALSE,0,,,,FALSE,0,,,,FALSE,0,,,1,0,0,0,0,0,1219.23776667,0.00040021473596791890396902022,False,OPPOSITE
A06-M001,A06,HYPE,SHORT,2026-09-18T00:58:25.225000Z,1.0.0,,FALSE,0,,,,FALSE,0,,,,FALSE,0,,,,FALSE,0,,,,UNAVAILABLE,,,previous_non_overlapping_episode,4,0,0,0,0,0,,,,
A09-M001,A09,HYPE,LONG,2026-09-21T08:53:58.292000Z,1.0.0,,FALSE,0.75,direction_return_5m|volume_expansion_15m|directional_range_edge,,,FALSE,0.666666666667,directional_range_edge|near_or_beyond_prior_edge,,,FALSE,0,,,,FALSE,0,,,,UNAVAILABLE,,,previous_non_overlapping_episode,259,0,0,0,0,0,,,,
A09-M002,A09,ZEC,LONG,2026-09-21T08:54:21.639000Z,1.0.0,,FALSE,0.75,direction_return_5m|volume_expansion_15m|directional_range_edge,,LATE_LONG,TRUE,1,direction_return_1h|directional_range_edge|near_or_beyond_prior_edge,,,FALSE,0,,,PROFIT_PYRAMIDING_LONG,TRUE,1,qualifying_profit_add,,,UNAVAILABLE,,,previous_non_overlapping_episode,175,0,0,0,4,23.91571753986332574031890661,,,,
A10-M001,A10,VVV,LONG,2026-09-21T01:17:10.624000Z,1.0.0,,FALSE,0.25,direction_return_5m,,,FALSE,0.333333333333,near_or_beyond_prior_edge,,,FALSE,0,,,PROFIT_PYRAMIDING_LONG,TRUE,1,qualifying_profit_add,,,UNAVAILABLE,,,previous_non_overlapping_episode,159,0,0,0,14,387.6772532188841201716738197,,,,
A10-M002,A10,VVV,LONG,2026-09-21T02:26:28.387000Z,1.0.0,FOMO_LONG,TRUE,1,direction_return_5m|direction_return_15m|volume_expansion_15m|directional_range_edge,,,FALSE,0.666666666667,directional_range_edge|near_or_beyond_prior_edge,,,FALSE,0,,,PROFIT_PYRAMIDING_LONG,TRUE,1,qualifying_profit_add,,,FALSE,0.666666666667,reentry_within_window|initial_notional_size_up,,104,0,0,0,20,406.19167264895908111988514,32.1214666667,1.254744779913842126417735232,True,SAME
A11-M004,A11,BTC,LONG,2026-09-15T18:50:13.734000Z,1.0.0,,FALSE,0.25,volume_expansion_15m,,,FALSE,0,,,,FALSE,0,,,,FALSE,0,,,,FALSE,0.333333333333,initial_notional_size_up,,30,0,0,0,0,0,2684.02878333,9.430181564401757682030974777,False,SAME
