episode_id,account_alias,coin,side,entry_time,config_version,fomo_status,late_status,averaging_down_status,profit_pyramiding_status,revenge_status,fomo_score,late_score,averaging_down_score,profit_pyramiding_score,revenge_score,fomo_triggered_rules,late_triggered_rules,averaging_down_triggered_rules,profit_pyramiding_triggered_rules,revenge_triggered_rules,fomo_missing_required_features,late_missing_required_features,averaging_down_missing_required_features,profit_pyramiding_missing_required_features,revenge_missing_required_features
A01-M001,A01,SUI,SHORT,2026-09-21T09:34:12.770000Z,1.0.0,FALSE,FALSE,FALSE,TRUE,UNAVAILABLE,0,0,0,1,,,,,qualifying_profit_add,,,,,,previous_non_overlapping_episode
A01-M002,A01,ADA,SHORT,2026-09-21T09:37:17.161000Z,1.0.0,FALSE,FALSE,TRUE,TRUE,UNAVAILABLE,0.25,0,1,1,,volume_expansion_15m,,qualifying_adverse_add,qualifying_profit_add,,,,,,previous_non_overlapping_episode
A01-M003,A01,PENGU,SHORT,2026-09-23T04:57:51.613000Z,1.0.0,FALSE,FALSE,FALSE,TRUE,FALSE,0.25,0,0,1,0,direction_return_5m,,,qualifying_profit_add,,,,,,
A02-M012,A02,BTC,LONG,2026-09-14T16:07:46.508000Z,1.0.0,FALSE,FALSE,FALSE,FALSE,TRUE,0,0.333333333333,0,0,1,,near_or_beyond_prior_edge,,,previous_episode_loss|reentry_within_window|initial_notional_size_up,,,,,
A02-M013,A02,XRP,LONG,2026-09-14T16:07:50.806000Z,1.0.0,FALSE,FALSE,FALSE,FALSE,TRUE,0,0.333333333333,0,0,1,,near_or_beyond_prior_edge,,,previous_episode_loss|reentry_within_window|initial_notional_size_up,,,,,
A02-M014,A02,FET,SHORT,2026-09-15T08:05:01.361000Z,1.0.0,FALSE,FALSE,FALSE,FALSE,FALSE,0.75,0.666666666667,0,0,0.666666666667,direction_return_5m|volume_expansion_15m|directional_range_edge,directional_range_edge|near_or_beyond_prior_edge,,,previous_episode_loss|initial_notional_size_up,,,,,
A02-M015,A02,AAVE,SHORT,2026-09-16T00:02:50.640000Z,1.0.0,FALSE,FALSE,FALSE,FALSE,FALSE,0.25,0.333333333333,0,0,0.333333333333,direction_return_5m,near_or_beyond_prior_edge,,,previous_episode_loss,,,,,
A02-M016,A02,FIL,SHORT,2026-09-16T16:04:10.021000Z,1.0.0,FALSE,FALSE,FALSE,FALSE,FALSE,0.25,0,0,0,0.666666666667,direction_return_5m,,,,previous_episode_loss|initial_notional_size_up,,,,,
A02-M017,A02,ETH,LONG,2026-09-17T16:04:31.200000Z,1.0.0,FALSE,FALSE,FALSE,FALSE,TRUE,0.25,0.333333333333,0,0,1,direction_return_5m,near_or_beyond_prior_edge,,,previous_episode_loss|reentry_within_window|initial_notional_size_up,,,,,
A02-M018,A02,PENGU,SHORT,2026-09-20T16:02:45.626000Z,1.0.0,FALSE,FALSE,FALSE,FALSE,FALSE,0.25,0,0,0,0,volume_expansion_15m,,,,,,,,,
A03-M007,A03,CHIP,LONG,2026-09-15T13:16:04.538000Z,1.0.0,FALSE,FALSE,TRUE,FALSE,FALSE,0.25,0,1,0,0.666666666667,volume_expansion_15m,,qualifying_adverse_add,,previous_episode_loss|reentry_within_window,,,,,
A03-M008,A03,LIT,LONG,2026-09-29T14:41:50.071000Z,1.0.0,FALSE,FALSE,FALSE,TRUE,FALSE,0.5,0.666666666667,0,1,0.333333333333,direction_return_15m|directional_range_edge,directional_range_edge|near_or_beyond_prior_edge,,qualifying_profit_add,initial_notional_size_up,,,,,
A03-M009,A03,NEAR,LONG,2026-09-29T18:43:21.786000Z,1.0.0,FALSE,TRUE,FALSE,TRUE,FALSE,0.5,1,0,1,0.333333333333,direction_return_5m|directional_range_edge,direction_return_1h|directional_range_edge|near_or_beyond_prior_edge,,qualifying_profit_add,initial_notional_size_up,,,,,
A05-M005,A05,HYPE,SHORT,2026-09-17T13:20:57.764000Z,1.0.0,FALSE,FALSE,FALSE,FALSE,FALSE,0,0,0,0,0.333333333333,,,,,initial_notional_size_up,,,,,
A05-M006,A05,HYPE,SHORT,2026-09-17T13:21:04.135000Z,1.0.0,FALSE,FALSE,TRUE,FALSE,FALSE,0,0,1,0,0.666666666667,,,qualifying_adverse_add,,previous_episode_loss|reentry_within_window,,,,,
A05-M007,A05,HYPE,SHORT,2026-09-17T13:21:14.121000Z,1.0.0,FALSE,FALSE,FALSE,FALSE,FALSE,0,0,0,0,0.666666666667,,,,,previous_episode_loss|reentry_within_window,,,,,
A05-M008,A05,HYPE,SHORT,2026-09-17T13:22:38.325000Z,1.0.0,FALSE,FALSE,TRUE,FALSE,TRUE,0,0,1,0,1,,,qualifying_adverse_add,,previous_episode_loss|reentry_within_window|initial_notional_size_up,,,,,
A05-M009,A05,BTC,LONG,2026-09-18T09:42:52.190000Z,1.0.0,FALSE,FALSE,FALSE,FALSE,FALSE,0,0,0,0,0,,,,,,,,,,
A06-M001,A06,HYPE,SHORT,2026-09-18T00:58:25.225000Z,1.0.0,FALSE,FALSE,FALSE,FALSE,UNAVAILABLE,0,0,0,0,,,,,,,,,,,previous_non_overlapping_episode
A09-M001,A09,HYPE,LONG,2026-09-21T08:53:58.292000Z,1.0.0,FALSE,FALSE,FALSE,FALSE,UNAVAILABLE,0.75,0.666666666667,0,0,,direction_return_5m|volume_expansion_15m|directional_range_edge,directional_range_edge|near_or_beyond_prior_edge,,,,,,,,previous_non_overlapping_episode
A09-M002,A09,ZEC,LONG,2026-09-21T08:54:21.639000Z,1.0.0,FALSE,TRUE,FALSE,TRUE,UNAVAILABLE,0.75,1,0,1,,direction_return_5m|volume_expansion_15m|directional_range_edge,direction_return_1h|directional_range_edge|near_or_beyond_prior_edge,,qualifying_profit_add,,,,,,previous_non_overlapping_episode
A10-M001,A10,VVV,LONG,2026-09-21T01:17:10.624000Z,1.0.0,FALSE,FALSE,FALSE,TRUE,UNAVAILABLE,0.25,0.333333333333,0,1,,direction_return_5m,near_or_beyond_prior_edge,,qualifying_profit_add,,,,,,previous_non_overlapping_episode
A10-M002,A10,VVV,LONG,2026-09-21T02:26:28.387000Z,1.0.0,TRUE,FALSE,FALSE,TRUE,FALSE,1,0.666666666667,0,1,0.666666666667,direction_return_5m|direction_return_15m|volume_expansion_15m|directional_range_edge,directional_range_edge|near_or_beyond_prior_edge,,qualifying_profit_add,reentry_within_window|initial_notional_size_up,,,,,
A11-M004,A11,BTC,LONG,2026-09-15T18:50:13.734000Z,1.0.0,FALSE,FALSE,FALSE,FALSE,FALSE,0.25,0,0,0,0.333333333333,volume_expansion_15m,,,,initial_notional_size_up,,,,,
