coin,episode_count,requested_start,requested_end,candle_rows,funding_rows,mark_source,oi_source,fetch_error
AAVE,1,2026-09-15T23:00:00Z,2026-09-16T00:59:59.999000Z,24,4,unavailable,unavailable,
ADA,1,2026-09-21T08:35:00Z,2026-09-21T10:34:59.999000Z,24,4,unavailable,unavailable,
BNB,2,2026-09-11T07:00:00Z,2026-09-14T08:59:59.999000Z,0,76,unavailable,unavailable,
BTC,7,2026-09-03T07:05:00Z,2026-09-18T10:39:59.999000Z,1112,365,unavailable,unavailable,
CHIP,3,2026-09-02T00:45:00Z,2026-09-15T14:14:59.999000Z,277,328,unavailable,unavailable,
ENA,1,2026-09-10T07:00:00Z,2026-09-10T08:59:59.999000Z,0,4,unavailable,unavailable,
ETH,4,2026-09-01T07:35:00Z,2026-09-17T16:59:59.999000Z,899,395,unavailable,unavailable,
FARTCOIN,2,2026-09-01T07:00:00Z,2026-09-07T08:59:59.999000Z,0,148,unavailable,unavailable,
FET,1,2026-09-15T07:05:00Z,2026-09-15T09:04:59.999000Z,24,4,unavailable,unavailable,
FIL,1,2026-09-16T15:00:00Z,2026-09-16T16:59:59.999000Z,24,4,unavailable,unavailable,
HYPE,9,2026-09-03T14:10:00Z,2026-09-21T09:49:59.999000Z,1937,429,unavailable,unavailable,
LINK,1,2026-09-11T12:30:00Z,2026-09-11T14:29:59.999000Z,0,4,unavailable,unavailable,
LIT,4,2026-09-01T03:55:00Z,2026-09-29T15:39:59.999000Z,4329,500,unavailable,unavailable,
NEAR,1,2026-09-29T17:40:00Z,2026-09-29T19:39:59.999000Z,24,4,unavailable,unavailable,
PENGU,3,2026-09-08T23:00:00Z,2026-09-23T05:54:59.999000Z,2512,345,unavailable,unavailable,
PONS,1,2026-09-06T04:15:00Z,2026-09-06T06:14:59.999000Z,0,4,unavailable,unavailable,
PUMP,3,2026-09-01T03:30:00Z,2026-09-11T14:24:59.999000Z,0,253,unavailable,unavailable,
SOL,6,2026-09-01T07:20:00Z,2026-09-07T09:34:59.999000Z,0,148,unavailable,unavailable,
SUI,2,2026-09-10T23:05:00Z,2026-09-21T10:29:59.999000Z,1967,253,unavailable,unavailable,
TRUMP,1,2026-09-06T15:00:00Z,2026-09-06T16:59:59.999000Z,0,4,unavailable,unavailable,
VVV,2,2026-09-21T00:15:00Z,2026-09-21T03:24:59.999000Z,38,5,unavailable,unavailable,
XPL,1,2026-09-10T15:00:00Z,2026-09-10T16:59:59.999000Z,0,4,unavailable,unavailable,
XRP,2,2026-09-11T15:00:00Z,2026-09-14T17:04:59.999000Z,25,77,unavailable,unavailable,
ZEC,1,2026-09-21T07:50:00Z,2026-09-21T09:49:59.999000Z,24,4,unavailable,unavailable,
xyz:CL,1,2026-09-01T19:45:00Z,2026-09-01T21:44:59.999000Z,0,4,unavailable,unavailable,
