episode_id,account_alias,coin,side,entry_time,exit_time,required_start,required_end_exclusive,entry_bar_excluded,entry_pre_expected_bars,entry_pre_ohlcv_bars,ohlcv_coverage_ratio,volume_coverage_ratio,mark_coverage_ratio,oi_coverage_ratio,funding_coverage_ratio,funding_observation_time,evaluation_post_expected_bars,evaluation_post_ohlcv_bars,evaluation_post_ohlcv_coverage_ratio,missing_series,missing_reason,availability_status,allowed_past_only_features
A01-M001,A01,SUI,SHORT,2026-09-21T09:34:12.770000Z,2026-09-21T09:59:36.735000Z,2026-09-21T08:30:00Z,2026-09-21T09:30:00Z,True,12,12,1.000000,1.000000,,,1.000000,2026-09-21T09:00:00.073000Z,12,12,1.000000,"mark,oi","historical_mark_series_unavailable,historical_oi_series_unavailable",PARTIAL,"price_returns,volume"
A01-M002,A01,ADA,SHORT,2026-09-21T09:37:17.161000Z,2026-09-21T10:00:57.678000Z,2026-09-21T08:35:00Z,2026-09-21T09:35:00Z,True,12,12,1.000000,1.000000,,,1.000000,2026-09-21T09:00:00.073000Z,12,12,1.000000,"mark,oi","historical_mark_series_unavailable,historical_oi_series_unavailable",PARTIAL,"price_returns,volume"
A01-M003,A01,PENGU,SHORT,2026-09-23T04:57:51.613000Z,2026-09-23T05:24:05.008000Z,2026-09-23T03:55:00Z,2026-09-23T04:55:00Z,True,12,12,1.000000,1.000000,,,1.000000,2026-09-23T04:00:00.024000Z,12,12,1.000000,"mark,oi","historical_mark_series_unavailable,historical_oi_series_unavailable",PARTIAL,"price_returns,volume"
A02-M001,A02,FARTCOIN,SHORT,2026-09-01T08:02:17.576000Z,2026-09-03T16:03:43.572000Z,2026-09-01T07:00:00Z,2026-09-01T08:00:00Z,True,12,0,0.000000,0.000000,,,1.000000,2026-09-01T08:00:00.022000Z,12,0,0.000000,"ohlcv,volume,mark,oi","candle_5000_limit_or_market_unavailable,historical_mark_series_unavailable,historical_oi_series_unavailable",NOT_READY,
A02-M002,A02,PUMP,SHORT,2026-09-06T00:02:30.484000Z,2026-09-07T10:49:16.366000Z,2026-09-05T23:00:00Z,2026-09-06T00:00:00Z,True,12,0,0.000000,0.000000,,,1.000000,2026-09-06T00:00:00.016000Z,12,0,0.000000,"ohlcv,volume,mark,oi","candle_5000_limit_or_market_unavailable,historical_mark_series_unavailable,historical_oi_series_unavailable",NOT_READY,
A02-M003,A02,TRUMP,SHORT,2026-09-06T16:02:29.327000Z,2026-09-18T08:04:10.323000Z,2026-09-06T15:00:00Z,2026-09-06T16:00:00Z,True,12,0,0.000000,0.000000,,,1.000000,2026-09-06T16:00:00.038000Z,12,0,0.000000,"ohlcv,volume,mark,oi","candle_5000_limit_or_market_unavailable,historical_mark_series_unavailable,historical_oi_series_unavailable",NOT_READY,
A02-M004,A02,FARTCOIN,SHORT,2026-09-07T08:02:21.015000Z,2026-09-17T08:09:02.128000Z,2026-09-07T07:00:00Z,2026-09-07T08:00:00Z,True,12,0,0.000000,0.000000,,,1.000000,2026-09-07T08:00:00.025000Z,12,0,0.000000,"ohlcv,volume,mark,oi","candle_5000_limit_or_market_unavailable,historical_mark_series_unavailable,historical_oi_series_unavailable",NOT_READY,
A02-M005,A02,PENGU,SHORT,2026-09-09T00:02:28.109000Z,2026-09-17T08:05:41.889000Z,2026-09-08T23:00:00Z,2026-09-09T00:00:00Z,True,12,0,0.000000,0.000000,,,1.000000,2026-09-09T00:00:00.076000Z,12,0,0.000000,"ohlcv,volume,mark,oi","candle_5000_limit_or_market_unavailable,historical_mark_series_unavailable,historical_oi_series_unavailable",NOT_READY,
A02-M006,A02,ENA,SHORT,2026-09-10T08:02:24.625000Z,2026-09-18T01:49:38.062000Z,2026-09-10T07:00:00Z,2026-09-10T08:00:00Z,True,12,0,0.000000,0.000000,,,1.000000,2026-09-10T08:00:00.027000Z,12,0,0.000000,"ohlcv,volume,mark,oi","candle_5000_limit_or_market_unavailable,historical_mark_series_unavailable,historical_oi_series_unavailable",NOT_READY,
A02-M007,A02,XPL,SHORT,2026-09-10T16:02:27.989000Z,2026-09-17T08:07:08.756000Z,2026-09-10T15:00:00Z,2026-09-10T16:00:00Z,True,12,0,0.000000,0.000000,,,1.000000,2026-09-10T16:00:00.091000Z,12,0,0.000000,"ohlcv,volume,mark,oi","candle_5000_limit_or_market_unavailable,historical_mark_series_unavailable,historical_oi_series_unavailable",NOT_READY,
A02-M008,A02,SUI,SHORT,2026-09-11T00:06:14.004000Z,2026-09-17T00:04:15.380000Z,2026-09-10T23:05:00Z,2026-09-11T00:05:00Z,True,12,0,0.000000,0.000000,,,1.000000,2026-09-11T00:00:00.040000Z,12,0,0.000000,"ohlcv,volume,mark,oi","candle_5000_limit_or_market_unavailable,historical_mark_series_unavailable,historical_oi_series_unavailable",NOT_READY,
A02-M009,A02,BNB,LONG,2026-09-11T08:02:52.367000Z,2026-09-14T00:05:37.075000Z,2026-09-11T07:00:00Z,2026-09-11T08:00:00Z,True,12,0,0.000000,0.000000,,,1.000000,2026-09-11T08:00:00.085000Z,12,0,0.000000,"ohlcv,volume,mark,oi","candle_5000_limit_or_market_unavailable,historical_mark_series_unavailable,historical_oi_series_unavailable",NOT_READY,
A02-M010,A02,XRP,LONG,2026-09-11T16:03:58.021000Z,2026-09-12T16:01:43.266000Z,2026-09-11T15:00:00Z,2026-09-11T16:00:00Z,True,12,0,0.000000,0.000000,,,1.000000,2026-09-11T16:00:00.047000Z,12,0,0.000000,"ohlcv,volume,mark,oi","candle_5000_limit_or_market_unavailable,historical_mark_series_unavailable,historical_oi_series_unavailable",NOT_READY,
A02-M011,A02,BNB,LONG,2026-09-14T08:02:41.648000Z,2026-09-14T16:07:12.310000Z,2026-09-14T07:00:00Z,2026-09-14T08:00:00Z,True,12,0,0.000000,0.000000,,,1.000000,2026-09-14T08:00:00.034000Z,12,0,0.000000,"ohlcv,volume,mark,oi","candle_5000_limit_or_market_unavailable,historical_mark_series_unavailable,historical_oi_series_unavailable",NOT_READY,
A02-M012,A02,BTC,LONG,2026-09-14T16:07:46.508000Z,2026-09-15T08:08:53.361000Z,2026-09-14T15:05:00Z,2026-09-14T16:05:00Z,True,12,12,1.000000,1.000000,,,1.000000,2026-09-14T16:00:00.030000Z,12,12,1.000000,"mark,oi","historical_mark_series_unavailable,historical_oi_series_unavailable",PARTIAL,"price_returns,volume"
A02-M013,A02,XRP,LONG,2026-09-14T16:07:50.806000Z,2026-09-15T18:40:13.419000Z,2026-09-14T15:05:00Z,2026-09-14T16:05:00Z,True,12,12,1.000000,1.000000,,,1.000000,2026-09-14T16:00:00.030000Z,12,12,1.000000,"mark,oi","historical_mark_series_unavailable,historical_oi_series_unavailable",PARTIAL,"price_returns,volume"
A02-M014,A02,FET,SHORT,2026-09-15T08:05:01.361000Z,2026-09-17T16:02:55.939000Z,2026-09-15T07:05:00Z,2026-09-15T08:05:00Z,True,12,12,1.000000,1.000000,,,1.000000,2026-09-15T08:00:00.008000Z,12,12,1.000000,"mark,oi","historical_mark_series_unavailable,historical_oi_series_unavailable",PARTIAL,"price_returns,volume"
A02-M015,A02,AAVE,SHORT,2026-09-16T00:02:50.640000Z,2026-09-18T03:15:44.098000Z,2026-09-15T23:00:00Z,2026-09-16T00:00:00Z,True,12,12,1.000000,1.000000,,,1.000000,2026-09-16T00:00:00.021000Z,12,12,1.000000,"mark,oi","historical_mark_series_unavailable,historical_oi_series_unavailable",PARTIAL,"price_returns,volume"
A02-M016,A02,FIL,SHORT,2026-09-16T16:04:10.021000Z,2026-09-18T03:19:09.751000Z,2026-09-16T15:00:00Z,2026-09-16T16:00:00Z,True,12,12,1.000000,1.000000,,,1.000000,2026-09-16T16:00:00.037000Z,12,12,1.000000,"mark,oi","historical_mark_series_unavailable,historical_oi_series_unavailable",PARTIAL,"price_returns,volume"
A02-M017,A02,ETH,LONG,2026-09-17T16:04:31.200000Z,2026-09-18T00:02:44.656000Z,2026-09-17T15:00:00Z,2026-09-17T16:00:00Z,True,12,12,1.000000,1.000000,,,1.000000,2026-09-17T16:00:00.021000Z,12,12,1.000000,"mark,oi","historical_mark_series_unavailable,historical_oi_series_unavailable",PARTIAL,"price_returns,volume"
A02-M018,A02,PENGU,SHORT,2026-09-20T16:02:45.626000Z,2026-09-21T01:03:35.599000Z,2026-09-20T15:00:00Z,2026-09-20T16:00:00Z,True,12,12,1.000000,1.000000,,,1.000000,2026-09-20T16:00:00.035000Z,12,12,1.000000,"mark,oi","historical_mark_series_unavailable,historical_oi_series_unavailable",PARTIAL,"price_returns,volume"
A03-M001,A03,PUMP,LONG,2026-09-01T04:31:08.933000Z,2026-09-05T18:37:28.339000Z,2026-09-01T03:30:00Z,2026-09-01T04:30:00Z,True,12,0,0.000000,0.000000,,,1.000000,2026-09-01T04:00:00.029000Z,12,0,0.000000,"ohlcv,volume,mark,oi","candle_5000_limit_or_market_unavailable,historical_mark_series_unavailable,historical_oi_series_unavailable",NOT_READY,
A03-M002,A03,LIT,LONG,2026-09-01T04:56:30.570000Z,2026-09-03T20:24:50.936000Z,2026-09-01T03:55:00Z,2026-09-01T04:55:00Z,True,12,0,0.000000,0.000000,,,1.000000,2026-09-01T04:00:00.029000Z,12,0,0.000000,"ohlcv,volume,mark,oi","candle_5000_limit_or_market_unavailable,historical_mark_series_unavailable,historical_oi_series_unavailable",NOT_READY,
A03-M003,A03,CHIP,LONG,2026-09-02T01:48:05.624000Z,2026-09-03T17:56:06.242000Z,2026-09-02T00:45:00Z,2026-09-02T01:45:00Z,True,12,0,0.000000,0.000000,,,1.000000,2026-09-02T01:00:00.015000Z,12,0,0.000000,"ohlcv,volume,mark,oi","candle_5000_limit_or_market_unavailable,historical_mark_series_unavailable,historical_oi_series_unavailable",NOT_READY,
A03-M004,A03,CHIP,LONG,2026-09-10T01:54:44.100000Z,2026-09-15T13:13:09.554000Z,2026-09-10T00:50:00Z,2026-09-10T01:50:00Z,True,12,0,0.000000,0.000000,,,1.000000,2026-09-10T01:00:00.046000Z,12,0,0.000000,"ohlcv,volume,mark,oi","candle_5000_limit_or_market_unavailable,historical_mark_series_unavailable,historical_oi_series_unavailable",NOT_READY,
A03-M005,A03,PUMP,LONG,2026-09-11T13:25:20.597000Z,2026-09-22T13:30:44.823000Z,2026-09-11T12:25:00Z,2026-09-11T13:25:00Z,True,12,0,0.000000,0.000000,,,1.000000,2026-09-11T13:00:00.057000Z,12,0,0.000000,"ohlcv,volume,mark,oi","candle_5000_limit_or_market_unavailable,historical_mark_series_unavailable,historical_oi_series_unavailable",NOT_READY,
A03-M006,A03,LIT,LONG,2026-09-11T14:16:36.622000Z,2026-09-17T13:11:32.258000Z,2026-09-11T13:15:00Z,2026-09-11T14:15:00Z,True,12,0,0.000000,0.000000,,,1.000000,2026-09-11T14:00:00.020000Z,12,0,0.000000,"ohlcv,volume,mark,oi","candle_5000_limit_or_market_unavailable,historical_mark_series_unavailable,historical_oi_series_unavailable",NOT_READY,
A03-M007,A03,CHIP,LONG,2026-09-15T13:16:04.538000Z,2026-09-22T10:25:22.329000Z,2026-09-15T12:15:00Z,2026-09-15T13:15:00Z,True,12,12,1.000000,1.000000,,,1.000000,2026-09-15T13:00:00.117000Z,12,12,1.000000,"mark,oi","historical_mark_series_unavailable,historical_oi_series_unavailable",PARTIAL,"price_returns,volume"
A03-M008,A03,LIT,LONG,2026-09-29T14:41:50.071000Z,2026-09-29T23:29:05.056000Z,2026-09-29T13:40:00Z,2026-09-29T14:40:00Z,True,12,12,1.000000,1.000000,,,0.000000,2026-09-21T21:00:00.050000Z,12,12,1.000000,"funding,mark,oi","no_past_funding_within_2h,historical_mark_series_unavailable,historical_oi_series_unavailable",PARTIAL,"price_returns,volume"
A03-M009,A03,NEAR,LONG,2026-09-29T18:43:21.786000Z,2026-09-30T07:12:02.028000Z,2026-09-29T17:40:00Z,2026-09-29T18:40:00Z,True,12,12,1.000000,1.000000,,,1.000000,2026-09-29T18:00:00.018000Z,12,12,1.000000,"mark,oi","historical_mark_series_unavailable,historical_oi_series_unavailable",PARTIAL,"price_returns,volume"
A05-M001,A05,PONS,LONG,2026-09-06T05:16:57.604000Z,2026-09-06T05:25:06.476000Z,2026-09-06T04:15:00Z,2026-09-06T05:15:00Z,True,12,0,0.000000,0.000000,,,1.000000,2026-09-06T05:00:00.040000Z,12,0,0.000000,"ohlcv,volume,mark,oi","candle_5000_limit_or_market_unavailable,historical_mark_series_unavailable,historical_oi_series_unavailable",NOT_READY,
A05-M002,A05,HYPE,LONG,2026-09-10T23:08:29.736000Z,2026-09-10T23:54:38.453000Z,2026-09-10T22:05:00Z,2026-09-10T23:05:00Z,True,12,0,0.000000,0.000000,,,1.000000,2026-09-10T23:00:00.007000Z,12,0,0.000000,"ohlcv,volume,mark,oi","candle_5000_limit_or_market_unavailable,historical_mark_series_unavailable,historical_oi_series_unavailable",NOT_READY,
A05-M003,A05,HYPE,SHORT,2026-09-10T23:54:38.453000Z,2026-09-10T23:54:39.403000Z,2026-09-10T22:50:00Z,2026-09-10T23:50:00Z,True,12,0,0.000000,0.000000,,,1.000000,2026-09-10T23:00:00.007000Z,12,0,0.000000,"ohlcv,volume,mark,oi","candle_5000_limit_or_market_unavailable,historical_mark_series_unavailable,historical_oi_series_unavailable",NOT_READY,
A05-M004,A05,LINK,LONG,2026-09-11T13:30:01.836000Z,2026-09-11T13:44:05.717000Z,2026-09-11T12:30:00Z,2026-09-11T13:30:00Z,True,12,0,0.000000,0.000000,,,1.000000,2026-09-11T13:00:00.057000Z,12,0,0.000000,"ohlcv,volume,mark,oi","candle_5000_limit_or_market_unavailable,historical_mark_series_unavailable,historical_oi_series_unavailable",NOT_READY,
A05-M005,A05,HYPE,SHORT,2026-09-17T13:20:57.764000Z,2026-09-17T13:20:59.425000Z,2026-09-17T12:20:00Z,2026-09-17T13:20:00Z,True,12,12,1.000000,1.000000,,,1.000000,2026-09-17T13:00:00.018000Z,12,12,1.000000,"mark,oi","historical_mark_series_unavailable,historical_oi_series_unavailable",PARTIAL,"price_returns,volume"
A05-M006,A05,HYPE,SHORT,2026-09-17T13:21:04.135000Z,2026-09-17T13:21:05.997000Z,2026-09-17T12:20:00Z,2026-09-17T13:20:00Z,True,12,12,1.000000,1.000000,,,1.000000,2026-09-17T13:00:00.018000Z,12,12,1.000000,"mark,oi","historical_mark_series_unavailable,historical_oi_series_unavailable",PARTIAL,"price_returns,volume"
A05-M007,A05,HYPE,SHORT,2026-09-17T13:21:14.121000Z,2026-09-17T13:21:48.777000Z,2026-09-17T12:20:00Z,2026-09-17T13:20:00Z,True,12,12,1.000000,1.000000,,,1.000000,2026-09-17T13:00:00.018000Z,12,12,1.000000,"mark,oi","historical_mark_series_unavailable,historical_oi_series_unavailable",PARTIAL,"price_returns,volume"
A05-M008,A05,HYPE,SHORT,2026-09-17T13:22:38.325000Z,2026-09-17T13:23:37.924000Z,2026-09-17T12:20:00Z,2026-09-17T13:20:00Z,True,12,12,1.000000,1.000000,,,1.000000,2026-09-17T13:00:00.018000Z,12,12,1.000000,"mark,oi","historical_mark_series_unavailable,historical_oi_series_unavailable",PARTIAL,"price_returns,volume"
A05-M009,A05,BTC,LONG,2026-09-18T09:42:52.190000Z,2026-09-18T12:01:04.634000Z,2026-09-18T08:40:00Z,2026-09-18T09:40:00Z,True,12,12,1.000000,1.000000,,,1.000000,2026-09-18T09:00:00.028000Z,12,12,1.000000,"mark,oi","historical_mark_series_unavailable,historical_oi_series_unavailable",PARTIAL,"price_returns,volume"
A06-M001,A06,HYPE,SHORT,2026-09-18T00:58:25.225000Z,2026-09-18T05:16:20.236000Z,2026-09-17T23:55:00Z,2026-09-18T00:55:00Z,True,12,12,1.000000,1.000000,,,1.000000,2026-09-18T00:00:00.005000Z,12,12,1.000000,"mark,oi","historical_mark_series_unavailable,historical_oi_series_unavailable",PARTIAL,"price_returns,volume"
A07-M001,A07,LIT,SHORT,2026-09-01T08:20:40.003000Z,2026-09-03T00:50:16.726000Z,2026-09-01T07:20:00Z,2026-09-01T08:20:00Z,True,12,0,0.000000,0.000000,,,1.000000,2026-09-01T08:00:00.022000Z,12,0,0.000000,"ohlcv,volume,mark,oi","candle_5000_limit_or_market_unavailable,historical_mark_series_unavailable,historical_oi_series_unavailable",NOT_READY,
A07-M002,A07,SOL,SHORT,2026-09-01T08:23:25.324000Z,2026-09-01T08:36:59.348000Z,2026-09-01T07:20:00Z,2026-09-01T08:20:00Z,True,12,0,0.000000,0.000000,,,1.000000,2026-09-01T08:00:00.022000Z,12,0,0.000000,"ohlcv,volume,mark,oi","candle_5000_limit_or_market_unavailable,historical_mark_series_unavailable,historical_oi_series_unavailable",NOT_READY,
A07-M003,A07,ETH,SHORT,2026-09-01T08:37:41.859000Z,2026-09-03T15:00:08.159000Z,2026-09-01T07:35:00Z,2026-09-01T08:35:00Z,True,12,0,0.000000,0.000000,,,1.000000,2026-09-01T08:00:00.022000Z,12,0,0.000000,"ohlcv,volume,mark,oi","candle_5000_limit_or_market_unavailable,historical_mark_series_unavailable,historical_oi_series_unavailable",NOT_READY,
A07-M004,A07,BTC,SHORT,2026-09-03T08:08:30.654000Z,2026-09-03T15:14:07.791000Z,2026-09-03T07:05:00Z,2026-09-03T08:05:00Z,True,12,0,0.000000,0.000000,,,1.000000,2026-09-03T08:00:00.025000Z,12,0,0.000000,"ohlcv,volume,mark,oi","candle_5000_limit_or_market_unavailable,historical_mark_series_unavailable,historical_oi_series_unavailable",NOT_READY,
A07-M005,A07,HYPE,LONG,2026-09-03T15:14:38.730000Z,2026-09-03T18:01:18.565000Z,2026-09-03T14:10:00Z,2026-09-03T15:10:00Z,True,12,0,0.000000,0.000000,,,1.000000,2026-09-03T15:00:00.014000Z,12,0,0.000000,"ohlcv,volume,mark,oi","candle_5000_limit_or_market_unavailable,historical_mark_series_unavailable,historical_oi_series_unavailable",NOT_READY,
A07-M006,A07,SOL,LONG,2026-09-03T18:01:46.615000Z,2026-09-03T18:14:06.620000Z,2026-09-03T17:00:00Z,2026-09-03T18:00:00Z,True,12,0,0.000000,0.000000,,,1.000000,2026-09-03T18:00:00.030000Z,12,0,0.000000,"ohlcv,volume,mark,oi","candle_5000_limit_or_market_unavailable,historical_mark_series_unavailable,historical_oi_series_unavailable",NOT_READY,
A07-M007,A07,SOL,LONG,2026-09-03T18:14:14.569000Z,2026-09-05T08:26:01.217000Z,2026-09-03T17:10:00Z,2026-09-03T18:10:00Z,True,12,0,0.000000,0.000000,,,1.000000,2026-09-03T18:00:00.030000Z,12,0,0.000000,"ohlcv,volume,mark,oi","candle_5000_limit_or_market_unavailable,historical_mark_series_unavailable,historical_oi_series_unavailable",NOT_READY,
A07-M008,A07,SOL,SHORT,2026-09-05T08:26:23.043000Z,2026-09-05T09:02:46.677000Z,2026-09-05T07:25:00Z,2026-09-05T08:25:00Z,True,12,0,0.000000,0.000000,,,1.000000,2026-09-05T08:00:00.002000Z,12,0,0.000000,"ohlcv,volume,mark,oi","candle_5000_limit_or_market_unavailable,historical_mark_series_unavailable,historical_oi_series_unavailable",NOT_READY,
A07-M009,A07,BTC,LONG,2026-09-05T09:02:57.590000Z,2026-09-06T14:32:21.646000Z,2026-09-05T08:00:00Z,2026-09-05T09:00:00Z,True,12,0,0.000000,0.000000,,,1.000000,2026-09-05T09:00:00.072000Z,12,0,0.000000,"ohlcv,volume,mark,oi","candle_5000_limit_or_market_unavailable,historical_mark_series_unavailable,historical_oi_series_unavailable",NOT_READY,
A07-M010,A07,SOL,LONG,2026-09-07T02:07:30.159000Z,2026-09-07T07:33:17.944000Z,2026-09-07T01:05:00Z,2026-09-07T02:05:00Z,True,12,0,0.000000,0.000000,,,1.000000,2026-09-07T02:00:00.029000Z,12,0,0.000000,"ohlcv,volume,mark,oi","candle_5000_limit_or_market_unavailable,historical_mark_series_unavailable,historical_oi_series_unavailable",NOT_READY,
A07-M011,A07,SOL,SHORT,2026-09-07T08:36:12.320000Z,2026-09-07T08:48:40.856000Z,2026-09-07T07:35:00Z,2026-09-07T08:35:00Z,True,12,0,0.000000,0.000000,,,1.000000,2026-09-07T08:00:00.025000Z,12,0,0.000000,"ohlcv,volume,mark,oi","candle_5000_limit_or_market_unavailable,historical_mark_series_unavailable,historical_oi_series_unavailable",NOT_READY,
A08-M001,A08,xyz:CL,LONG,2026-09-01T20:48:34.087000Z,2026-09-01T20:49:10.179000Z,2026-09-01T19:45:00Z,2026-09-01T20:45:00Z,True,12,0,0.000000,0.000000,,,1.000000,2026-09-01T20:00:00.012000Z,12,0,0.000000,"ohlcv,volume,mark,oi","candle_5000_limit_or_market_unavailable,historical_mark_series_unavailable,historical_oi_series_unavailable",NOT_READY,
A08-M002,A08,BTC,LONG,2026-09-09T15:00:43.558000Z,2026-09-09T15:01:23.523000Z,2026-09-09T14:00:00Z,2026-09-09T15:00:00Z,True,12,0,0.000000,0.000000,,,1.000000,2026-09-09T15:00:00.054000Z,12,0,0.000000,"ohlcv,volume,mark,oi","candle_5000_limit_or_market_unavailable,historical_mark_series_unavailable,historical_oi_series_unavailable",NOT_READY,
A09-M001,A09,HYPE,LONG,2026-09-21T08:53:58.292000Z,2026-09-21T18:23:08.942000Z,2026-09-21T07:50:00Z,2026-09-21T08:50:00Z,True,12,12,1.000000,1.000000,,,1.000000,2026-09-21T08:00:00.069000Z,12,12,1.000000,"mark,oi","historical_mark_series_unavailable,historical_oi_series_unavailable",PARTIAL,"price_returns,volume"
A09-M002,A09,ZEC,LONG,2026-09-21T08:54:21.639000Z,2026-09-21T18:45:16.850000Z,2026-09-21T07:50:00Z,2026-09-21T08:50:00Z,True,12,12,1.000000,1.000000,,,1.000000,2026-09-21T08:00:00.069000Z,12,12,1.000000,"mark,oi","historical_mark_series_unavailable,historical_oi_series_unavailable",PARTIAL,"price_returns,volume"
A10-M001,A10,VVV,LONG,2026-09-21T01:17:10.624000Z,2026-09-21T01:54:21.099000Z,2026-09-21T00:15:00Z,2026-09-21T01:15:00Z,True,12,12,1.000000,1.000000,,,1.000000,2026-09-21T01:00:00.054000Z,12,12,1.000000,"mark,oi","historical_mark_series_unavailable,historical_oi_series_unavailable",PARTIAL,"price_returns,volume"
A10-M002,A10,VVV,LONG,2026-09-21T02:26:28.387000Z,2026-09-21T03:20:34.151000Z,2026-09-21T01:25:00Z,2026-09-21T02:25:00Z,True,12,12,1.000000,1.000000,,,1.000000,2026-09-21T02:00:00.032000Z,12,12,1.000000,"mark,oi","historical_mark_series_unavailable,historical_oi_series_unavailable",PARTIAL,"price_returns,volume"
A11-M001,A11,BTC,LONG,2026-09-05T01:11:18.113000Z,2026-09-05T18:23:57.060000Z,2026-09-05T00:10:00Z,2026-09-05T01:10:00Z,True,12,0,0.000000,0.000000,,,1.000000,2026-09-05T01:00:00.016000Z,12,0,0.000000,"ohlcv,volume,mark,oi","candle_5000_limit_or_market_unavailable,historical_mark_series_unavailable,historical_oi_series_unavailable",NOT_READY,
A11-M002,A11,ETH,LONG,2026-09-12T01:24:26.738000Z,2026-09-12T19:33:14.532000Z,2026-09-12T00:20:00Z,2026-09-12T01:20:00Z,True,12,0,0.000000,0.000000,,,1.000000,2026-09-12T01:00:00.041000Z,12,0,0.000000,"ohlcv,volume,mark,oi","candle_5000_limit_or_market_unavailable,historical_mark_series_unavailable,historical_oi_series_unavailable",NOT_READY,
A11-M003,A11,ETH,LONG,2026-09-13T14:13:48.038000Z,2026-09-13T22:06:12.007000Z,2026-09-13T13:10:00Z,2026-09-13T14:10:00Z,True,12,0,0.000000,0.000000,,,1.000000,2026-09-13T14:00:00.107000Z,12,0,0.000000,"ohlcv,volume,mark,oi","candle_5000_limit_or_market_unavailable,historical_mark_series_unavailable,historical_oi_series_unavailable",NOT_READY,
A11-M004,A11,BTC,LONG,2026-09-15T18:50:13.734000Z,2026-09-15T19:02:11.422000Z,2026-09-15T17:50:00Z,2026-09-15T18:50:00Z,True,12,12,1.000000,1.000000,,,1.000000,2026-09-15T18:00:00.017000Z,12,12,1.000000,"mark,oi","historical_mark_series_unavailable,historical_oi_series_unavailable",PARTIAL,"price_returns,volume"
