wallet,anon_wallet_id,source,stratum,size_band,frequency_band,symbol_tendency,activity_band,split,inclusion_reason,exclusion_reason,sample_version
0xfc667adba8d4837586078f4fdcdc29804337ca06,P079,hoihoi_public_trades_runtime,size=large|frequency=high|symbol=alt|activity=jst_06_11,large,high,alt,jst_06_11,held_out,deterministic round-robin coverage of outcome-free public Trades strata,,pilot-100-v1
0x6752fd3edb8a9adf4db1eed002f7134cf7ae7a2f,P077,hoihoi_public_trades_runtime,size=large|frequency=high|symbol=major|activity=jst_06_11,large,high,major,jst_06_11,exploratory,deterministic round-robin coverage of outcome-free public Trades strata,,pilot-100-v1
0x3f9881373dbc9f3167772ef9e528c7447653c596,P076,hoihoi_public_trades_runtime,size=large|frequency=low|symbol=alt|activity=jst_06_11,large,low,alt,jst_06_11,validation,deterministic round-robin coverage of outcome-free public Trades strata,,pilot-100-v1
0x9ede7d6c60c40755352f9f84e146eb9f0ee25327,P012,hoihoi_public_trades_runtime,size=large|frequency=low|symbol=major|activity=jst_06_11,large,low,major,jst_06_11,exploratory,deterministic round-robin coverage of outcome-free public Trades strata,,pilot-100-v1
0xe9d199fd55a2560e3193f330e017192316ecd2d3,P030,hoihoi_public_trades_runtime,size=large|frequency=low|symbol=small_alt|activity=jst_06_11,large,low,small_alt,jst_06_11,exploratory,deterministic round-robin coverage of outcome-free public Trades strata,,pilot-100-v1
0x7f3bbacb671ba15306b35f62b367a4f0d536d1c1,P090,hoihoi_public_trades_runtime,size=large|frequency=medium|symbol=alt|activity=jst_06_11,large,medium,alt,jst_06_11,held_out,deterministic round-robin coverage of outcome-free public Trades strata,,pilot-100-v1
0xb21a066b211cae228a33186c8fca553812f50fcf,P033,hoihoi_public_trades_runtime,size=large|frequency=medium|symbol=major|activity=jst_06_11,large,medium,major,jst_06_11,exploratory,deterministic round-robin coverage of outcome-free public Trades strata,,pilot-100-v1
0x046635b37f825401623b3a4a851feae4546b6735,P018,hoihoi_public_trades_runtime,size=medium|frequency=high|symbol=alt|activity=jst_06_11,medium,high,alt,jst_06_11,held_out,deterministic round-robin coverage of outcome-free public Trades strata,,pilot-100-v1
0xb31d5749ea3b2d004cef70952d2947009c43e8f9,P020,hoihoi_public_trades_runtime,size=medium|frequency=high|symbol=major|activity=jst_06_11,medium,high,major,jst_06_11,exploratory,deterministic round-robin coverage of outcome-free public Trades strata,,pilot-100-v1
0x27886e156db5168f3ad883ef1452bcef9a36b1de,P057,hoihoi_public_trades_runtime,size=medium|frequency=high|symbol=small_alt|activity=jst_06_11,medium,high,small_alt,jst_06_11,validation,deterministic round-robin coverage of outcome-free public Trades strata,,pilot-100-v1
0x52d311f2dad2eadd040e69100b7171e127738dc8,P028,hoihoi_public_trades_runtime,size=medium|frequency=low|symbol=alt|activity=jst_06_11,medium,low,alt,jst_06_11,exploratory,deterministic round-robin coverage of outcome-free public Trades strata,,pilot-100-v1
0x0efd4498097885194a7c2b4bed9513213401ab86,P080,hoihoi_public_trades_runtime,size=medium|frequency=low|symbol=major|activity=jst_06_11,medium,low,major,jst_06_11,exploratory,deterministic round-robin coverage of outcome-free public Trades strata,,pilot-100-v1
0xcdf99cc8fe5535a8c543cd38887c494597502158,P052,hoihoi_public_trades_runtime,size=medium|frequency=low|symbol=small_alt|activity=jst_06_11,medium,low,small_alt,jst_06_11,exploratory,deterministic round-robin coverage of outcome-free public Trades strata,,pilot-100-v1
0x798941ad245bfb0ac20df6042bd6037d07873137,P074,hoihoi_public_trades_runtime,size=medium|frequency=medium|symbol=alt|activity=jst_06_11,medium,medium,alt,jst_06_11,held_out,deterministic round-robin coverage of outcome-free public Trades strata,,pilot-100-v1
0xe12ee5a167f79b6a70254766ecf1fed92e76b09c,P038,hoihoi_public_trades_runtime,size=medium|frequency=medium|symbol=major|activity=jst_06_11,medium,medium,major,jst_06_11,exploratory,deterministic round-robin coverage of outcome-free public Trades strata,,pilot-100-v1
0x09c8a7efcc50995f45f7492c0ee0b0628cf500d0,P015,hoihoi_public_trades_runtime,size=medium|frequency=medium|symbol=small_alt|activity=jst_06_11,medium,medium,small_alt,jst_06_11,validation,deterministic round-robin coverage of outcome-free public Trades strata,,pilot-100-v1
0xb7bd9cef0e2826d783f2704d578efbaf705c2f3a,P023,hoihoi_public_trades_runtime,size=small|frequency=high|symbol=alt|activity=jst_06_11,small,high,alt,jst_06_11,held_out,deterministic round-robin coverage of outcome-free public Trades strata,,pilot-100-v1
0xecb63caa47c7c4e77f60f1ce858cf28dc2b82b00,P031,hoihoi_public_trades_runtime,size=small|frequency=high|symbol=major|activity=jst_06_11,small,high,major,jst_06_11,validation,deterministic round-robin coverage of outcome-free public Trades strata,,pilot-100-v1
0x2b3349ff0c4cf96f7df87fd5f3d583ee625733f7,P096,hoihoi_public_trades_runtime,size=small|frequency=high|symbol=small_alt|activity=jst_06_11,small,high,small_alt,jst_06_11,exploratory,deterministic round-robin coverage of outcome-free public Trades strata,,pilot-100-v1
0xba725bd37e213b4ad24656535f8aa13d790f14aa,P067,hoihoi_public_trades_runtime,size=small|frequency=low|symbol=alt|activity=jst_06_11,small,low,alt,jst_06_11,exploratory,deterministic round-robin coverage of outcome-free public Trades strata,,pilot-100-v1
0xd29d1e33e9bb28de077e9c7333c39dff5f4c0357,P088,hoihoi_public_trades_runtime,size=small|frequency=low|symbol=major|activity=jst_06_11,small,low,major,jst_06_11,exploratory,deterministic round-robin coverage of outcome-free public Trades strata,,pilot-100-v1
0x7a1665058a9352268108c6dfe48c42b8515ae621,P070,hoihoi_public_trades_runtime,size=small|frequency=low|symbol=small_alt|activity=jst_06_11,small,low,small_alt,jst_06_11,exploratory,deterministic round-robin coverage of outcome-free public Trades strata,,pilot-100-v1
0xccb946209bae54cfecc25147bd0519dad61827df,P046,hoihoi_public_trades_runtime,size=small|frequency=medium|symbol=alt|activity=jst_06_11,small,medium,alt,jst_06_11,held_out,deterministic round-robin coverage of outcome-free public Trades strata,,pilot-100-v1
0x94a150fb6f792f90db95c2aeade6920ce0e2c43b,P095,hoihoi_public_trades_runtime,size=small|frequency=medium|symbol=major|activity=jst_06_11,small,medium,major,jst_06_11,exploratory,deterministic round-robin coverage of outcome-free public Trades strata,,pilot-100-v1
0xd158ab29974537b266d37ef88ae71ff4334bab69,P098,hoihoi_public_trades_runtime,size=small|frequency=medium|symbol=small_alt|activity=jst_06_11,small,medium,small_alt,jst_06_11,exploratory,deterministic round-robin coverage of outcome-free public Trades strata,,pilot-100-v1
0x5b0fcee15b0cc3ec8d3174b23e2cb10fdc5bbc78,P051,hoihoi_public_trades_runtime,size=large|frequency=high|symbol=alt|activity=jst_06_11,large,high,alt,jst_06_11,exploratory,deterministic round-robin coverage of outcome-free public Trades strata,,pilot-100-v1
0x69369ad76474577121293fcf015a4c90e49b9417,P059,hoihoi_public_trades_runtime,size=large|frequency=high|symbol=major|activity=jst_06_11,large,high,major,jst_06_11,exploratory,deterministic round-robin coverage of outcome-free public Trades strata,,pilot-100-v1
0x9a649aa06ad5dba5b634f774131833076289a20c,P034,hoihoi_public_trades_runtime,size=large|frequency=low|symbol=alt|activity=jst_06_11,large,low,alt,jst_06_11,exploratory,deterministic round-robin coverage of outcome-free public Trades strata,,pilot-100-v1
0xe86b057f5eb764c9738d6b0d38170befd0723664,P060,hoihoi_public_trades_runtime,size=large|frequency=low|symbol=major|activity=jst_06_11,large,low,major,jst_06_11,exploratory,deterministic round-robin coverage of outcome-free public Trades strata,,pilot-100-v1
0x440888714a6afed60ff44e9975a96e6a36f7fac4,P078,hoihoi_public_trades_runtime,size=large|frequency=low|symbol=small_alt|activity=jst_06_11,large,low,small_alt,jst_06_11,validation,deterministic round-robin coverage of outcome-free public Trades strata,,pilot-100-v1
0xfdfac5700c28661646255f1c7ce137f70943e9d0,P081,hoihoi_public_trades_runtime,size=large|frequency=medium|symbol=alt|activity=jst_06_11,large,medium,alt,jst_06_11,exploratory,deterministic round-robin coverage of outcome-free public Trades strata,,pilot-100-v1
0x4e614a1dc65a06d55203e55ac33b295a068d4684,P043,hoihoi_public_trades_runtime,size=large|frequency=medium|symbol=major|activity=jst_06_11,large,medium,major,jst_06_11,exploratory,deterministic round-robin coverage of outcome-free public Trades strata,,pilot-100-v1
0x9a31f7aff78fd464bbceb398e11b82ba633c6525,P092,hoihoi_public_trades_runtime,size=medium|frequency=high|symbol=alt|activity=jst_06_11,medium,high,alt,jst_06_11,exploratory,deterministic round-robin coverage of outcome-free public Trades strata,,pilot-100-v1
0x4e6b51c5f3e4b74c866e78983d335e9d7339b7d4,P085,hoihoi_public_trades_runtime,size=medium|frequency=high|symbol=major|activity=jst_06_11,medium,high,major,jst_06_11,exploratory,deterministic round-robin coverage of outcome-free public Trades strata,,pilot-100-v1
0x064bc3c796f85245f8389ebc1d534e0bc922db7b,P017,hoihoi_public_trades_runtime,size=medium|frequency=low|symbol=alt|activity=jst_06_11,medium,low,alt,jst_06_11,held_out,deterministic round-robin coverage of outcome-free public Trades strata,,pilot-100-v1
0x59fe5692b848339a31a5f32c75d5943562d99fea,P093,hoihoi_public_trades_runtime,size=medium|frequency=low|symbol=major|activity=jst_06_11,medium,low,major,jst_06_11,exploratory,deterministic round-robin coverage of outcome-free public Trades strata,,pilot-100-v1
0xcb6a69737cc1c7a368679a2ecfbae11499ff7ace,P062,hoihoi_public_trades_runtime,size=medium|frequency=low|symbol=small_alt|activity=jst_06_11,medium,low,small_alt,jst_06_11,exploratory,deterministic round-robin coverage of outcome-free public Trades strata,,pilot-100-v1
0xc3f4c9abed12b471ffe8f4218f8c6913fb248db4,P084,hoihoi_public_trades_runtime,size=medium|frequency=medium|symbol=alt|activity=jst_06_11,medium,medium,alt,jst_06_11,held_out,deterministic round-robin coverage of outcome-free public Trades strata,,pilot-100-v1
0x44871d62caaeb8b91777be8aae0e23ee68b4c92d,P032,hoihoi_public_trades_runtime,size=medium|frequency=medium|symbol=major|activity=jst_06_11,medium,medium,major,jst_06_11,validation,deterministic round-robin coverage of outcome-free public Trades strata,,pilot-100-v1
0x592838c5d6ffb870c20bf4f13d1089259354d5f9,P021,hoihoi_public_trades_runtime,size=medium|frequency=medium|symbol=small_alt|activity=jst_06_11,medium,medium,small_alt,jst_06_11,validation,deterministic round-robin coverage of outcome-free public Trades strata,,pilot-100-v1
0x4c226d5a21ae3b9883f98cbda1a3be63e565f308,P055,hoihoi_public_trades_runtime,size=small|frequency=high|symbol=alt|activity=jst_06_11,small,high,alt,jst_06_11,exploratory,deterministic round-robin coverage of outcome-free public Trades strata,,pilot-100-v1
0x67f7aa8fb95c47e6ea9c517b623e0701cbf9d9ba,P025,hoihoi_public_trades_runtime,size=small|frequency=high|symbol=major|activity=jst_06_11,small,high,major,jst_06_11,exploratory,deterministic round-robin coverage of outcome-free public Trades strata,,pilot-100-v1
0xa67917374be1401abbd634e2a4bd50a385e4eefc,P002,hoihoi_public_trades_runtime,size=small|frequency=high|symbol=small_alt|activity=jst_06_11,small,high,small_alt,jst_06_11,validation,deterministic round-robin coverage of outcome-free public Trades strata,,pilot-100-v1
0x05d9f6c39a75bd6f040d65eb75a4ea6e9e20b60b,P100,hoihoi_public_trades_runtime,size=small|frequency=low|symbol=alt|activity=jst_06_11,small,low,alt,jst_06_11,exploratory,deterministic round-robin coverage of outcome-free public Trades strata,,pilot-100-v1
0xfe1fccb7f954050a4b0ca4bea43c8287b190c55a,P064,hoihoi_public_trades_runtime,size=small|frequency=low|symbol=major|activity=jst_06_11,small,low,major,jst_06_11,held_out,deterministic round-robin coverage of outcome-free public Trades strata,,pilot-100-v1
0x9f62e1dabbd41cdd10fe4cd9bd8c4ed57d77fbcd,P069,hoihoi_public_trades_runtime,size=small|frequency=low|symbol=small_alt|activity=jst_06_11,small,low,small_alt,jst_06_11,exploratory,deterministic round-robin coverage of outcome-free public Trades strata,,pilot-100-v1
0x68866e11abf6a6d643b1418098b850a9ef3ea044,P049,hoihoi_public_trades_runtime,size=small|frequency=medium|symbol=alt|activity=jst_06_11,small,medium,alt,jst_06_11,exploratory,deterministic round-robin coverage of outcome-free public Trades strata,,pilot-100-v1
0xca00ad1678ca2fb64956bcd08b6e8bf19d46b001,P001,hoihoi_public_trades_runtime,size=small|frequency=medium|symbol=major|activity=jst_06_11,small,medium,major,jst_06_11,exploratory,deterministic round-robin coverage of outcome-free public Trades strata,,pilot-100-v1
0xf0afb3f0a2e63eabe2d55ebe3e05671ebe0c6312,P094,hoihoi_public_trades_runtime,size=small|frequency=medium|symbol=small_alt|activity=jst_06_11,small,medium,small_alt,jst_06_11,held_out,deterministic round-robin coverage of outcome-free public Trades strata,,pilot-100-v1
0xf9109ada2f73c62e9889b45453065f0d99260a2d,P026,hoihoi_public_trades_runtime,size=large|frequency=high|symbol=alt|activity=jst_06_11,large,high,alt,jst_06_11,exploratory,deterministic round-robin coverage of outcome-free public Trades strata,,pilot-100-v1
0xaf9f722a676230cc44045efe26fe9a85801ca4fa,P058,hoihoi_public_trades_runtime,size=large|frequency=low|symbol=alt|activity=jst_06_11,large,low,alt,jst_06_11,exploratory,deterministic round-robin coverage of outcome-free public Trades strata,,pilot-100-v1
0x793660578d2628b0ec7e0e2b5c75a4847ae80706,P039,hoihoi_public_trades_runtime,size=large|frequency=low|symbol=major|activity=jst_06_11,large,low,major,jst_06_11,validation,deterministic round-robin coverage of outcome-free public Trades strata,,pilot-100-v1
0xd5e2d6768e3d008be577460bec8e962a7cf0714d,P083,hoihoi_public_trades_runtime,size=large|frequency=medium|symbol=alt|activity=jst_06_11,large,medium,alt,jst_06_11,exploratory,deterministic round-robin coverage of outcome-free public Trades strata,,pilot-100-v1
0x3a6a0d7cde96e23e015e521f2774af3ed72fc9bf,P047,hoihoi_public_trades_runtime,size=large|frequency=medium|symbol=major|activity=jst_06_11,large,medium,major,jst_06_11,validation,deterministic round-robin coverage of outcome-free public Trades strata,,pilot-100-v1
0xdd4f66125defd0265f806a0ccfd0ee63e2bb4f02,P041,hoihoi_public_trades_runtime,size=medium|frequency=high|symbol=alt|activity=jst_06_11,medium,high,alt,jst_06_11,held_out,deterministic round-robin coverage of outcome-free public Trades strata,,pilot-100-v1
0xa62b923a112d50d03e1e096bbd53422490dac104,P037,hoihoi_public_trades_runtime,size=medium|frequency=high|symbol=major|activity=jst_06_11,medium,high,major,jst_06_11,validation,deterministic round-robin coverage of outcome-free public Trades strata,,pilot-100-v1
0xa6eed5b5e80b7f7535ff4c18b9f78ac8433531ee,P044,hoihoi_public_trades_runtime,size=medium|frequency=low|symbol=alt|activity=jst_06_11,medium,low,alt,jst_06_11,exploratory,deterministic round-robin coverage of outcome-free public Trades strata,,pilot-100-v1
0xd47c1e51b759cb3754bb045ae57bc05aadcf58c2,P087,hoihoi_public_trades_runtime,size=medium|frequency=low|symbol=major|activity=jst_06_11,medium,low,major,jst_06_11,exploratory,deterministic round-robin coverage of outcome-free public Trades strata,,pilot-100-v1
0x4bb3baa02f9688d6c52e49a6f2487528f8373621,P065,hoihoi_public_trades_runtime,size=medium|frequency=low|symbol=small_alt|activity=jst_06_11,medium,low,small_alt,jst_06_11,exploratory,deterministic round-robin coverage of outcome-free public Trades strata,,pilot-100-v1
0x0cf706aa8d7260e3cd5fe0de11d7f3e899753e5b,P007,hoihoi_public_trades_runtime,size=medium|frequency=medium|symbol=alt|activity=jst_06_11,medium,medium,alt,jst_06_11,held_out,deterministic round-robin coverage of outcome-free public Trades strata,,pilot-100-v1
0xf8db160d42c39516465e98eb0099dd445d0ba2dc,P019,hoihoi_public_trades_runtime,size=medium|frequency=medium|symbol=major|activity=jst_06_11,medium,medium,major,jst_06_11,held_out,deterministic round-robin coverage of outcome-free public Trades strata,,pilot-100-v1
0x66aec3752ac8c7e817708ea13a40942dd31b0a30,P040,hoihoi_public_trades_runtime,size=medium|frequency=medium|symbol=small_alt|activity=jst_06_11,medium,medium,small_alt,jst_06_11,exploratory,deterministic round-robin coverage of outcome-free public Trades strata,,pilot-100-v1
0xf1e79e5cf063073deec9a0d86c178f7cde84d479,P035,hoihoi_public_trades_runtime,size=small|frequency=high|symbol=alt|activity=jst_06_11,small,high,alt,jst_06_11,exploratory,deterministic round-robin coverage of outcome-free public Trades strata,,pilot-100-v1
0x03f965711336ae96001d98202b4e9090d7461db3,P082,hoihoi_public_trades_runtime,size=small|frequency=high|symbol=major|activity=jst_06_11,small,high,major,jst_06_11,validation,deterministic round-robin coverage of outcome-free public Trades strata,,pilot-100-v1
0x4542d15ef312fefc088ad737e4523068abb958e9,P050,hoihoi_public_trades_runtime,size=small|frequency=high|symbol=small_alt|activity=jst_06_11,small,high,small_alt,jst_06_11,exploratory,deterministic round-robin coverage of outcome-free public Trades strata,,pilot-100-v1
0x3f9a0ee7bba80568a211b7b894dfda46e902fca1,P066,hoihoi_public_trades_runtime,size=small|frequency=low|symbol=alt|activity=jst_06_11,small,low,alt,jst_06_11,exploratory,deterministic round-robin coverage of outcome-free public Trades strata,,pilot-100-v1
0xd7dc29918d5869a6715e94338316529d5847a6f9,P053,hoihoi_public_trades_runtime,size=small|frequency=low|symbol=major|activity=jst_06_11,small,low,major,jst_06_11,exploratory,deterministic round-robin coverage of outcome-free public Trades strata,,pilot-100-v1
0x76230d3396ab2b8c1e9b7b988f3af8c07c3f18b2,P054,hoihoi_public_trades_runtime,size=small|frequency=low|symbol=small_alt|activity=jst_06_11,small,low,small_alt,jst_06_11,held_out,deterministic round-robin coverage of outcome-free public Trades strata,,pilot-100-v1
0xc26cbb6483229e0d0f9a1cab675271eda535b8f4,P063,hoihoi_public_trades_runtime,size=small|frequency=medium|symbol=alt|activity=jst_06_11,small,medium,alt,jst_06_11,validation,deterministic round-robin coverage of outcome-free public Trades strata,,pilot-100-v1
0x79c0c0e159e357a9530323742cd72a4dba704be8,P068,hoihoi_public_trades_runtime,size=small|frequency=medium|symbol=major|activity=jst_06_11,small,medium,major,jst_06_11,validation,deterministic round-robin coverage of outcome-free public Trades strata,,pilot-100-v1
0x0b1ace05eb9ef1c3a1951b763700ecad24f27741,P016,hoihoi_public_trades_runtime,size=small|frequency=medium|symbol=small_alt|activity=jst_06_11,small,medium,small_alt,jst_06_11,validation,deterministic round-robin coverage of outcome-free public Trades strata,,pilot-100-v1
0x2d99fe0f36c1aebd28a1a2c0e82e8ca13c2ea351,P042,hoihoi_public_trades_runtime,size=large|frequency=high|symbol=alt|activity=jst_06_11,large,high,alt,jst_06_11,exploratory,deterministic round-robin coverage of outcome-free public Trades strata,,pilot-100-v1
0x7408845a81b5eacd4f9cad1a0572adce750129f7,P004,hoihoi_public_trades_runtime,size=large|frequency=low|symbol=alt|activity=jst_06_11,large,low,alt,jst_06_11,held_out,deterministic round-robin coverage of outcome-free public Trades strata,,pilot-100-v1
0x588432f54227364caf999a6df88dbf86a90f4772,P003,hoihoi_public_trades_runtime,size=large|frequency=low|symbol=major|activity=jst_06_11,large,low,major,jst_06_11,exploratory,deterministic round-robin coverage of outcome-free public Trades strata,,pilot-100-v1
0x25773676902085225ae5751075e4161369334897,P014,hoihoi_public_trades_runtime,size=large|frequency=medium|symbol=alt|activity=jst_06_11,large,medium,alt,jst_06_11,held_out,deterministic round-robin coverage of outcome-free public Trades strata,,pilot-100-v1
0x95f5285b6c1efc633e03d897465521a6740aab8f,P091,hoihoi_public_trades_runtime,size=large|frequency=medium|symbol=major|activity=jst_06_11,large,medium,major,jst_06_11,held_out,deterministic round-robin coverage of outcome-free public Trades strata,,pilot-100-v1
0xa84c6fd42d4e5c2e9ffbdf452041a3485b170885,P073,hoihoi_public_trades_runtime,size=medium|frequency=high|symbol=alt|activity=jst_06_11,medium,high,alt,jst_06_11,exploratory,deterministic round-robin coverage of outcome-free public Trades strata,,pilot-100-v1
0x47472cd62c99b8b5ce7e84e733515133e9aec0bd,P056,hoihoi_public_trades_runtime,size=medium|frequency=high|symbol=major|activity=jst_06_11,medium,high,major,jst_06_11,exploratory,deterministic round-robin coverage of outcome-free public Trades strata,,pilot-100-v1
0xf6d9ccf9865cea52c91a7fd720491eaa7bf17e4f,P061,hoihoi_public_trades_runtime,size=medium|frequency=low|symbol=alt|activity=jst_06_11,medium,low,alt,jst_06_11,exploratory,deterministic round-robin coverage of outcome-free public Trades strata,,pilot-100-v1
0xb69ccb3ad06300fefe1c551e285de4a3c6a1a5da,P027,hoihoi_public_trades_runtime,size=medium|frequency=low|symbol=major|activity=jst_06_11,medium,low,major,jst_06_11,held_out,deterministic round-robin coverage of outcome-free public Trades strata,,pilot-100-v1
0xa96e8f0b9e6592b77d567c712beac79f956a2d7d,P045,hoihoi_public_trades_runtime,size=medium|frequency=low|symbol=small_alt|activity=jst_06_11,medium,low,small_alt,jst_06_11,exploratory,deterministic round-robin coverage of outcome-free public Trades strata,,pilot-100-v1
0xeeba016fd114f6fa09ec6b972c28d3ceb297a398,P011,hoihoi_public_trades_runtime,size=medium|frequency=medium|symbol=alt|activity=jst_06_11,medium,medium,alt,jst_06_11,validation,deterministic round-robin coverage of outcome-free public Trades strata,,pilot-100-v1
0xdf237dacfdb7ad5709936a0833bb3d985bb114b4,P048,hoihoi_public_trades_runtime,size=medium|frequency=medium|symbol=major|activity=jst_06_11,medium,medium,major,jst_06_11,held_out,deterministic round-robin coverage of outcome-free public Trades strata,,pilot-100-v1
0x1db0a25e24de6a69f466fd04a9963c41fe60182e,P006,hoihoi_public_trades_runtime,size=medium|frequency=medium|symbol=small_alt|activity=jst_06_11,medium,medium,small_alt,jst_06_11,exploratory,deterministic round-robin coverage of outcome-free public Trades strata,,pilot-100-v1
0x6978e7917dffd1f1815c858ca1528e51a3af1cb5,P089,hoihoi_public_trades_runtime,size=small|frequency=high|symbol=alt|activity=jst_06_11,small,high,alt,jst_06_11,exploratory,deterministic round-robin coverage of outcome-free public Trades strata,,pilot-100-v1
0x2ca4927174ba283d8a57f60ef3589844035a2930,P024,hoihoi_public_trades_runtime,size=small|frequency=high|symbol=major|activity=jst_06_11,small,high,major,jst_06_11,exploratory,deterministic round-robin coverage of outcome-free public Trades strata,,pilot-100-v1
0x727956612a8700627451204a3ae26268bd1a1525,P072,hoihoi_public_trades_runtime,size=small|frequency=high|symbol=small_alt|activity=jst_06_11,small,high,small_alt,jst_06_11,exploratory,deterministic round-robin coverage of outcome-free public Trades strata,,pilot-100-v1
0xfc8c156428a8e48cb8d0356db16e59bec4c0ecea,P005,hoihoi_public_trades_runtime,size=small|frequency=low|symbol=alt|activity=jst_06_11,small,low,alt,jst_06_11,exploratory,deterministic round-robin coverage of outcome-free public Trades strata,,pilot-100-v1
0xc2ca572f07b74cf67827a0af92cd558e890c2862,P071,hoihoi_public_trades_runtime,size=small|frequency=low|symbol=major|activity=jst_06_11,small,low,major,jst_06_11,exploratory,deterministic round-robin coverage of outcome-free public Trades strata,,pilot-100-v1
0x0898b54fbba3296d7c4ac58db87d09fa4cda0896,P010,hoihoi_public_trades_runtime,size=small|frequency=low|symbol=small_alt|activity=jst_06_11,small,low,small_alt,jst_06_11,exploratory,deterministic round-robin coverage of outcome-free public Trades strata,,pilot-100-v1
0x3814aa78de1813d4a074dc4ada94ae39b98b2fa6,P075,hoihoi_public_trades_runtime,size=small|frequency=medium|symbol=alt|activity=jst_06_11,small,medium,alt,jst_06_11,held_out,deterministic round-robin coverage of outcome-free public Trades strata,,pilot-100-v1
0x213b9bacbd0c75d94a70cae76c31d71c7354eb71,P013,hoihoi_public_trades_runtime,size=small|frequency=medium|symbol=major|activity=jst_06_11,small,medium,major,jst_06_11,exploratory,deterministic round-robin coverage of outcome-free public Trades strata,,pilot-100-v1
0x5b52403396a365f9f7e33e87488564017e1f97a8,P099,hoihoi_public_trades_runtime,size=small|frequency=medium|symbol=small_alt|activity=jst_06_11,small,medium,small_alt,jst_06_11,validation,deterministic round-robin coverage of outcome-free public Trades strata,,pilot-100-v1
0x8585e035a8cea3741f201c9e42ed8d821ecc6dfd,P008,hoihoi_public_trades_runtime,size=large|frequency=high|symbol=alt|activity=jst_06_11,large,high,alt,jst_06_11,exploratory,deterministic round-robin coverage of outcome-free public Trades strata,,pilot-100-v1
0x0a06ec6754b628be489b2c40bba20c8580392a7b,P029,hoihoi_public_trades_runtime,size=large|frequency=low|symbol=alt|activity=jst_06_11,large,low,alt,jst_06_11,validation,deterministic round-robin coverage of outcome-free public Trades strata,,pilot-100-v1
0xa836db959b98fb4de30c2fc9fc270de191744022,P036,hoihoi_public_trades_runtime,size=large|frequency=low|symbol=major|activity=jst_06_11,large,low,major,jst_06_11,validation,deterministic round-robin coverage of outcome-free public Trades strata,,pilot-100-v1
0x34fb5ec7d4e939161946340ea2a1f29254b893de,P086,hoihoi_public_trades_runtime,size=large|frequency=medium|symbol=alt|activity=jst_06_11,large,medium,alt,jst_06_11,exploratory,deterministic round-robin coverage of outcome-free public Trades strata,,pilot-100-v1
0x65128d2bde4f8a2da57c8437660917a487bb38ba,P022,hoihoi_public_trades_runtime,size=large|frequency=medium|symbol=major|activity=jst_06_11,large,medium,major,jst_06_11,exploratory,deterministic round-robin coverage of outcome-free public Trades strata,,pilot-100-v1
0x90a5ecd614f3d1388e8ff6833d5dcb18055ab35a,P009,hoihoi_public_trades_runtime,size=medium|frequency=high|symbol=alt|activity=jst_06_11,medium,high,alt,jst_06_11,exploratory,deterministic round-robin coverage of outcome-free public Trades strata,,pilot-100-v1
0x3bcae23e8c380dab4732e9a159c0456f12d866f3,P097,hoihoi_public_trades_runtime,size=medium|frequency=high|symbol=major|activity=jst_06_11,medium,high,major,jst_06_11,validation,deterministic round-robin coverage of outcome-free public Trades strata,,pilot-100-v1
