hypothesis_id,version,hypothesis,required_fields,current_status,current_evidence,exploratory_rule,primary_outcomes,regimes,minimum_sample,missingness_rule,next_action
BTC-H01,v1,養分LONG/SHORT集中後の価格反応,BTC fills/TWAP; startPosition; BTC OHLCV; BTC asset context,BLOCKED_CORE,BTC fills 69708; active 5m buckets 7291; BTC asset-context/OI snapshots 0,imbalance percentileはexploratoryだけで選ぶ,5/15/30/60m return; MFE; MAE,bull/bear/range; high/low volatility,event>=100 and control>=100; independent JST days>=10,asset context欠測windowはfeature_ready=False,forward BTC asset contextを収集後にevent table生成
BTC-H02,v1,entry価格帯集中後の価格反応,new-entry transitions; entry px/notional; BTC OHLCV; BTC asset context,DERIVABLE_NOT_BUILT,stable raw transition fieldsあり; active 5m buckets 7291; entry concentration aggregate未生成,25bps concentrationとIQRを連続値で保持しpercentile探索,5/15/30/60m return; MFE; MAE,bull/bear/range; high/low volatility,event>=100 and control>=100; independent JST days>=10,new-entryがないwindowは0件、source gapはUNAVAILABLE,new-entry transition aggregatorを実装しasset context待ち
BTC-H03,v1,local high/low付近での飛び乗り後の反転,new-entry transitions; prior 60m BTC OHLCV; future BTC OHLCV,PARTIAL_EXPLORATORY_ONLY,future 60m OHLCV coverage 55.6988% of active buckets; full-period coverageなし,high/low距離とprior return閾値はexploratoryだけで調整,5/15/30/60m return; reversal probability; MFE; MAE,trend/range; high/low volatility,event>=100 and control>=100; independent JST days>=10,prior 12 barsまたはfuture bars不足はUNAVAILABLE,連続OHLCV範囲内だけでpipeline検証。採否判断は禁止
BTC-H04,v1,averaging down集中後の価格反応,ordered fills/TWAP; pre-add average; add px/size; BTC OHLCV,DERIVABLE_NOT_BUILT,startPosition chainあり; pilot-100用add event table未生成,adverse distanceとposition増加率を連続値で保持,5/15/30/60m return; MFE; MAE; panic-exit count,bull/bear/range; high/low volatility,event>=100 and control>=100; independent JST days>=10,順序一意でないchainはUNAVAILABLE,pilot-100 rawからoutcome-free add evidenceを生成
BTC-H05,v1,position size急拡大後の価格反応,ordered BTC fills/TWAP; pre/post position; BTC OHLCV,DERIVABLE_NOT_BUILT,sz/startPositionあり; window-level size expansion未生成,wallet内baseline比とcross-wallet percentileを分離,5/15/30/60m return; MFE; MAE,bull/bear/range; high/low volatility,event>=100 and control>=100; independent JST days>=10,baseline履歴不足walletはUNAVAILABLE,past-only size baselineを実装
BTC-H06,v1,crowd集中とOI/Funding/Volume複合条件,crowd event; BTC OI; Funding; candle volume,BLOCKED_OI,historical OI 0%; Funding prior-2h coverage 47.0854%; candle volumeはOHLCV範囲のみ,複合条件は単変量結果を確認後に事前登録,5/15/30/60m return; MFE; MAE,OI up/down; Funding sign/extreme; volume percentile,各condition-side cell>=50; total>=500,OI欠測は0にせずUNAVAILABLE,forward asset context/OI seriesが必要
BTC-H07,v1,5/15/30/60m returnとMFE/MAE,complete future BTC 5m candles,PARTIAL_EXPLORATORY_ONLY,"active bucket future coverage: 5m 55.8497%, 60m 55.6988%",全horizonを同時報告し都合の良いhorizonだけ選ばない,return; upside/downside probability; MFE; MAE,bull/bear/range; high/low volatility,event>=100 and control>=100; independent JST days>=10,必要future barが1本でも欠けたhorizonはUNAVAILABLE,連続OHLCV範囲内でoutcome pipelineだけ検証
BTC-H08,v1,反対方向large flow出現後の価格反応,BTC trade stream; aggressor side; past-only p99 threshold,BLOCKED_NO_TRADES,pilot-100期間のmarket trade streamなし,p99 thresholdはcutoff以前60mだけで固定,flow occurrence; subsequent return; MFE; MAE,crowd side; price trend; volatility,flow event>=100; independent JST days>=10,trade stream gapはFALSEでなくUNAVAILABLE,forward BTC tradesが必要
BTC-H09,v1,panic exit / liquidation-like flowのevent chain,cohort reductions; realized-loss exits; explicit liquidation event/fill; BTC trades,PARTIAL_PANIC_ONLY,completed BTC episodes 10125; explicit liquidation observed 0; userEventsなし,panic exitとexplicit liquidationを別metricにする,panic-exit wallet count; explicit liquidation count; subsequent return,crowd side; adverse move; volatility,event chain>=100 or descriptive-only,通常の損失closeをliquidationへ読み替えない,panic-exit候補は導出可能。liquidation chainはforward event収集待ち
