event_id,scenario,scenario_label,cutoff_ms,active_youbun_wallets,new_long_wallets,new_short_wallets,long_notional_usd,short_notional_usd,long_short_imbalance,entry_price_concentration_25bps,entry_distance_from_prior_60m_high_bps,entry_distance_from_prior_60m_low_bps,averaging_down_wallets,pyramiding_wallets,realized_loss_exit_wallets,leverage_median,liquidation_distance_bps_median,btc_return_prior_60m,btc_oi_change_pct,btc_high_break_failed,btc_low_break_failed,wallet_state_coverage,trade_outcome_available,feature_ready
SYN-0001,BASELINE,通常window,1791158700000,11,2,3,510522.57,473767.67,0.037342,0.397855,-2.231,59.828,5,3,3,9.453,1050.557,0.012139,0.001053,false,false,0.846926,true,true
SYN-0002,BASELINE,通常window,1791159000000,27,7,5,1743641.46,1667473.61,0.022329,0.349874,-5.051,57.332,4,0,1,11.044,999.953,0.020242,-0.001723,false,false,0.877216,true,true
SYN-0003,BASELINE,通常window,1791159300000,26,10,5,1653299.04,1370226.34,0.093623,0.293413,-4.359,65.922,5,4,0,10.595,1053.861,0.025408,-0.001862,false,false,0.95925,true,true
SYN-0004,BASELINE,通常window,1791159600000,17,5,5,363711.04,278189.27,0.133232,0.278241,-16.616,30.619,2,3,3,6.08,946.362,0.020747,0.003399,false,false,0.863884,true,true
SYN-0005,BASELINE,通常window,1791159900000,13,3,3,1576650.75,1452879.9,0.040855,0.441591,-17.944,60.618,1,4,2,5.639,676.79,0.009164,-0.009563,false,false,0.821965,true,true
SYN-0006,BASELINE,通常window,1791160200000,17,6,3,540088.69,327016.82,0.245728,0.194544,-15.464,66.683,1,4,0,6.535,609.692,0.016507,-0.001284,false,false,0.97935,true,true
SYN-0007,BASELINE,通常window,1791160500000,30,7,8,2394294.43,1867752.59,0.123542,0.447258,-11.359,84.287,5,4,4,7.904,190.015,-0.000329,0.001925,false,false,0.95095,true,true
SYN-0008,BASELINE,通常window,1791160800000,28,6,11,1469683.17,1734551.08,-0.082662,0.185068,-76.59,9.588,6,4,0,7.711,180.734,-0.00799,-1.3e-05,false,false,0.853172,true,true
SYN-0009,BASELINE,通常window,1791161100000,16,7,4,1492599.84,830241.08,0.28515,0.341867,-4.621,46.856,4,5,1,10.982,915.828,0.013259,0.002987,false,false,0.858459,true,true
SYN-0010,BASELINE,通常window,1791161400000,20,4,7,1185045.06,1388115.23,-0.078919,0.450758,-32.389,12.968,1,5,4,10.709,712.477,-0.003835,0.001602,false,false,0.93345,true,true
SYN-0011,BASELINE,通常window,1791161700000,13,3,4,2117756.14,2158329.24,-0.009488,0.303038,-41.454,6.096,3,3,4,5.704,919.982,0.001921,0.002382,false,false,0.970692,true,true
SYN-0012,BASELINE,通常window,1791162000000,21,5,4,847515.94,688073.42,0.103831,0.366978,1.96,73.918,6,5,0,7.74,742.604,0.015648,0.002934,false,false,0.997024,true,true
SYN-0013,BASELINE,通常window,1791162300000,9,2,2,1940842.17,2258726.25,-0.075694,0.227018,-26.797,11.309,1,0,3,5.092,981.805,-0.004605,-0.002059,false,false,0.898016,true,true
SYN-0014,BASELINE,通常window,1791162600000,11,2,3,1478714.04,1347751.29,0.046334,0.381832,-0.739,58.808,1,1,1,12.025,969.412,0.008529,-0.000261,false,false,0.97113,true,true
SYN-0015,BASELINE,通常window,1791162900000,19,5,6,437483.74,401226.39,0.04323,0.419764,-14.395,84.591,1,1,0,3.815,399.764,0.014263,0.003495,false,false,0.917818,true,true
SYN-0016,BASELINE,通常window,1791163200000,14,3,4,1873101.17,1793692.44,0.021656,0.331745,-17.251,87.473,4,1,2,10.554,817.477,0.005087,-0.001048,false,false,0.877117,true,true
SYN-0017,BASELINE,通常window,1791163500000,12,4,3,765971.62,697990.02,0.046437,0.357631,-7.633,72.39,2,1,0,9.407,694.489,0.0012,-0.002766,false,false,0.902082,true,true
SYN-0018,BASELINE,通常window,1791163800000,10,4,2,2463077.03,1792147.92,0.157672,0.23841,-14.307,36.447,6,0,2,3.098,190.63,0.005077,0.002604,false,false,0.82834,true,true
SYN-0019,BASELINE,通常window,1791164100000,14,5,2,852502.65,600949.91,0.173073,0.315051,-9.726,46.736,1,5,4,4.564,725.701,0.015634,0.006171,false,false,0.972959,true,true
SYN-0020,BASELINE,通常window,1791164400000,21,3,4,2043104.99,2450215.77,-0.090604,0.22184,-80.443,-3.678,1,1,2,10.79,1061.309,-0.01314,-0.000731,false,false,0.886607,true,true
SYN-0021,BASELINE,通常window,1791164700000,10,2,3,1261818.07,1204599.82,0.023199,0.308534,-7.458,64.454,6,3,4,8.701,387.139,0.019586,0.002107,false,false,0.912561,true,true
SYN-0022,BASELINE,通常window,1791165000000,12,4,3,551406.6,533721.37,0.016298,0.319664,-16.686,42.643,2,3,2,3.437,678.841,0.0148,0.001782,false,false,0.840575,true,true
SYN-0023,BASELINE,通常window,1791165300000,25,8,7,2428725.91,1757962.51,0.160213,0.249348,-12.49,66.928,2,6,0,12.472,227.038,0.009865,0.000452,false,false,0.949328,true,true
SYN-0024,BASELINE,通常window,1791165600000,12,4,2,1894838.95,1594277.36,0.086143,0.356717,1.438,57.62,5,2,3,7.63,174.628,-0.006547,0.00693,false,false,0.921207,true,true
SYN-0025,BASELINE,通常window,1791165900000,18,3,6,408501.85,387882.97,0.025891,0.433708,-10.118,77.316,5,5,4,6.6,723.337,0.013975,0.001117,false,false,0.910537,true,true
SYN-0026,BASELINE,通常window,1791166200000,29,12,6,947619.44,795376.08,0.087346,0.329916,-2.242,89.158,1,6,1,6.152,436.231,0.018152,0.001424,false,false,0.910733,true,true
SYN-0027,BASELINE,通常window,1791166500000,21,5,5,453505.9,443437.43,0.011225,0.318528,-10.759,65.295,2,2,2,9.447,1009.521,0.02204,0.00403,false,false,0.87672,true,true
SYN-0028,BASELINE,通常window,1791166800000,13,3,2,1278929.03,1117491.59,0.067366,0.405394,-17.22,30.778,3,2,4,6.699,372.074,0.01083,-0.00243,false,false,0.857404,true,true
SYN-0029,BASELINE,通常window,1791167100000,15,5,4,2003957.28,2161647.42,-0.037855,0.425419,-85.244,14.696,5,6,1,4.941,624.815,-8.2e-05,0.005486,false,false,0.953884,true,true
SYN-0030,BASELINE,通常window,1791167400000,25,6,6,836638.85,940439.09,-0.058411,0.335177,-64.322,8.109,0,5,0,7.137,233.679,0.00102,-0.000628,false,false,0.858334,true,true
SYN-0031,BASELINE,通常window,1791167700000,17,6,3,1361047.11,1214960.76,0.05671,0.227216,1.22,42.455,5,1,2,11.745,792.548,0.014364,0.002047,false,false,0.821355,true,true
SYN-0032,BASELINE,通常window,1791168000000,16,5,3,534925.86,527425.23,0.00706,0.374764,-7.015,46.567,0,2,4,3.623,670.883,0.012446,-0.003579,false,false,0.936767,true,true
SYN-0033,BASELINE,通常window,1791168300000,7,3,2,1761796.38,1471536.12,0.089771,0.322763,-15.188,56.119,1,6,0,13.977,1143.189,0.019803,-0.00039,false,false,0.955874,true,true
SYN-0034,BASELINE,通常window,1791168600000,15,3,5,730294.04,798539.1,-0.044639,0.271202,-35.404,2.212,6,6,3,3.398,574.498,-0.005333,0.001762,false,false,0.944805,true,true
SYN-0035,BASELINE,通常window,1791168900000,29,6,10,664465.59,642003.99,0.017193,0.384472,-1.085,74.808,4,3,0,6.26,1146.38,-0.00217,-0.006104,false,false,0.926642,true,true
SYN-0036,BASELINE,通常window,1791169200000,30,9,6,996377.31,954767.92,0.021326,0.383204,-5.003,77.963,1,0,4,4.138,450.066,0.006876,0.001114,false,false,0.883112,true,true
SYN-0037,BASELINE,通常window,1791169500000,25,6,8,1213722.79,1128447.41,0.036409,0.255237,-17.266,64.525,3,4,2,4.21,413.66,0.008654,0.005171,false,false,0.847406,true,true
SYN-0038,BASELINE,通常window,1791169800000,23,5,7,1063750.73,1622242.53,-0.207927,0.404588,-65.231,14.307,1,3,2,11.143,1064.841,-0.020626,-0.001783,false,false,0.933155,true,true
SYN-0039,BASELINE,通常window,1791170100000,20,7,3,726247.26,539479.9,0.147557,0.258944,-10.395,81.585,0,6,0,8.895,988.94,0.006941,0.00087,false,false,0.866139,true,true
SYN-0040,BASELINE,通常window,1791170400000,14,5,4,1212450.52,1175987.46,0.015266,0.304648,-11.431,62.635,6,3,1,6.734,509.107,0.008082,0.003122,false,false,0.89348,true,true
SYN-0041,BASELINE,通常window,1791170700000,13,4,4,642484.8,675842.8,-0.025303,0.377645,-82.86,10.033,2,3,0,11.326,1060.763,-0.0099,0.005733,false,false,0.951496,true,true
SYN-0042,BASELINE,通常window,1791171000000,21,8,6,2419622.6,2172754.93,0.053756,0.378419,-11.429,86.43,2,3,0,9.452,409.969,0.007656,0.003991,false,false,0.845246,true,true
SYN-0043,BASELINE,通常window,1791171300000,13,4,2,1523711.67,1250521.71,0.098474,0.270585,-2.749,73.452,1,2,0,13.686,944.65,0.007798,6.1e-05,false,false,0.99722,true,true
SYN-0044,BASELINE,通常window,1791171600000,21,5,7,693640.65,613934.73,0.060957,0.34007,-8.283,73.045,2,5,1,13.122,196.568,0.022028,0.002501,false,false,0.882031,true,true
SYN-0045,BASELINE,通常window,1791171900000,7,2,2,615075.2,612576.47,0.002035,0.356586,-17.3,62.032,1,0,2,3.472,944.057,0.019982,0.007589,false,false,0.873998,true,true
SYN-0046,BASELINE,通常window,1791172200000,22,6,8,1868036.22,2124569.43,-0.064252,0.285053,-46.716,17.296,0,6,2,8.623,1042.594,-0.013911,0.005313,false,false,0.88322,true,true
SYN-0047,BASELINE,通常window,1791172500000,20,5,4,918575.61,689317.34,0.142583,0.437318,-8.389,27.978,3,2,4,6.318,264.68,0.012783,-0.002717,false,false,0.956032,true,true
SYN-0048,BASELINE,通常window,1791172800000,22,6,5,583266.87,594880.7,-0.009858,0.414672,-73.879,16.52,3,6,3,7.17,798.147,-0.011379,0.00218,false,false,0.9688,true,true
SYN-0049,LONG_CROWD_HIGH_FAIL,LONG集中・高値近辺・高値更新失敗,1791173100000,9,4,1,1206274.03,163402.04,0.7614,0.672815,-13.9,88.595,2,4,1,12.556,874.202,0.015156,0.026171,true,false,0.980408,true,true
SYN-0050,LONG_CROWD_HIGH_FAIL,LONG集中・高値近辺・高値更新失敗,1791173400000,27,17,2,1730183.51,215237.02,0.778724,0.745877,-15.085,54.044,1,1,4,9.376,961.759,0.027441,0.02765,true,false,0.96066,true,true
SYN-0051,LONG_CROWD_HIGH_FAIL,LONG集中・高値近辺・高値更新失敗,1791173700000,27,10,1,1405829.53,94795.84,0.873658,0.805486,1.967,52.466,5,5,0,7.105,941.434,0.01278,0.016043,true,false,0.996773,true,true
SYN-0052,LONG_CROWD_HIGH_FAIL,LONG集中・高値近辺・高値更新失敗,1791174000000,19,8,2,686010.7,124037.32,0.693753,0.720927,-7.514,74.237,0,4,4,4.192,1105.03,0.015076,0.017996,true,false,0.868278,true,true
SYN-0053,LONG_CROWD_HIGH_FAIL,LONG集中・高値近辺・高値更新失敗,1791174300000,24,14,2,3281429.98,474973.46,0.747113,0.713028,-17.974,84.76,0,6,1,4.292,358.922,0.017166,0.022493,true,false,0.897134,true,true
SYN-0054,LONG_CROWD_HIGH_FAIL,LONG集中・高値近辺・高値更新失敗,1791174600000,28,14,2,1684039.25,223026.04,0.766105,0.76661,-15.15,83.322,0,5,0,13.633,1132.561,-0.000169,0.012293,true,false,0.950372,true,true
SYN-0055,LONG_CROWD_HIGH_FAIL,LONG集中・高値近辺・高値更新失敗,1791174900000,17,9,1,1134568.78,126716.53,0.799068,0.749543,-9.232,71.881,5,5,3,9.259,443.619,0.00966,0.021725,true,false,0.837705,true,true
SYN-0056,LONG_CROWD_HIGH_FAIL,LONG集中・高値近辺・高値更新失敗,1791175200000,31,13,2,1699835.0,220791.05,0.770084,0.748424,-11.385,34.766,5,3,1,13.646,503.381,0.016592,0.020833,true,false,0.871102,true,true
SYN-0057,LONG_CROWD_HIGH_FAIL,LONG集中・高値近辺・高値更新失敗,1791175500000,25,15,2,3612726.95,595590.14,0.716946,0.846742,1.414,76.638,1,3,3,9.276,1084.103,0.020725,0.016862,true,false,0.948057,true,true
SYN-0058,LONG_CROWD_HIGH_FAIL,LONG集中・高値近辺・高値更新失敗,1791175800000,8,4,1,1503536.63,266040.22,0.699318,0.77948,-0.629,40.062,1,0,4,6.404,611.228,0.021976,0.018672,true,false,0.863224,true,true
SYN-0059,LONG_CROWD_HIGH_FAIL,LONG集中・高値近辺・高値更新失敗,1791176100000,30,15,2,3298578.63,309406.85,0.828488,0.719359,-5.08,81.231,1,2,3,4.016,454.824,0.020233,0.016169,true,false,0.879003,true,true
SYN-0060,LONG_CROWD_HIGH_FAIL,LONG集中・高値近辺・高値更新失敗,1791176400000,30,15,1,2684995.86,193357.99,0.865647,0.862052,-7.18,79.42,4,3,2,10.117,432.726,0.002521,0.015135,true,false,0.820166,true,true
SYN-0061,LONG_CROWD_HIGH_FAIL,LONG集中・高値近辺・高値更新失敗,1791176700000,23,13,1,2827684.65,140907.33,0.905068,0.708929,-4.919,63.548,6,3,4,6.968,720.538,0.005588,0.016923,true,false,0.882375,true,true
SYN-0062,LONG_CROWD_HIGH_FAIL,LONG集中・高値近辺・高値更新失敗,1791177000000,30,10,1,3751426.35,215448.64,0.891376,0.761742,-7.346,29.531,1,5,4,5.855,446.575,0.01317,0.014174,true,false,0.949716,true,true
SYN-0063,LONG_CROWD_HIGH_FAIL,LONG集中・高値近辺・高値更新失敗,1791177300000,23,9,2,2559261.07,323863.83,0.775338,0.813807,-8.249,58.391,0,2,2,11.689,499.51,0.02119,0.014377,true,false,0.878027,true,true
SYN-0064,LONG_CROWD_HIGH_FAIL,LONG集中・高値近辺・高値更新失敗,1791177600000,15,9,1,3646395.45,382176.02,0.810267,0.699132,-8.682,79.432,2,1,2,9.58,308.069,0.010383,0.017411,true,false,0.977241,true,true
SYN-0065,LONG_CROWD_HIGH_FAIL,LONG集中・高値近辺・高値更新失敗,1791177900000,12,7,0,818729.3,92653.75,0.796674,0.896554,-8.146,74.318,5,0,1,13.553,974.085,0.011571,0.008652,true,false,0.983445,true,true
SYN-0066,LONG_CROWD_HIGH_FAIL,LONG集中・高値近辺・高値更新失敗,1791178200000,18,10,2,3797757.48,715802.98,0.682821,0.729611,-17.304,43.478,2,5,0,10.802,438.87,0.019447,0.018445,true,false,0.990572,true,true
SYN-0067,LONG_CROWD_HIGH_FAIL,LONG集中・高値近辺・高値更新失敗,1791178500000,13,8,1,559145.83,75235.49,0.762807,0.753305,-11.086,81.426,1,5,1,10.796,326.623,0.010114,0.011728,true,false,0.974973,true,true
SYN-0068,LONG_CROWD_HIGH_FAIL,LONG集中・高値近辺・高値更新失敗,1791178800000,10,4,1,1610440.61,306416.67,0.680293,0.683226,-7.946,25.291,3,0,3,5.724,928.864,0.018262,0.017688,true,false,0.989025,true,true
SYN-0069,LONG_CROWD_HIGH_FAIL,LONG集中・高値近辺・高値更新失敗,1791179100000,10,4,0,4410063.94,299280.9,0.872899,0.610928,2.121,47.098,2,5,2,10.565,840.542,0.013671,0.014747,true,false,0.917418,true,true
SYN-0070,LONG_CROWD_HIGH_FAIL,LONG集中・高値近辺・高値更新失敗,1791179400000,9,6,0,1283858.04,145168.76,0.796829,0.923134,-6.895,70.56,4,4,0,9.133,1037.113,0.013362,0.017081,true,false,0.923755,true,true
SYN-0071,LONG_CROWD_HIGH_FAIL,LONG集中・高値近辺・高値更新失敗,1791179700000,29,15,2,2344856.48,527197.62,0.632878,0.78379,-9.42,64.173,2,3,0,4.926,191.128,0.001096,0.020134,true,false,0.850076,true,true
SYN-0072,LONG_CROWD_HIGH_FAIL,LONG集中・高値近辺・高値更新失敗,1791180000000,14,9,1,1699501.9,189645.3,0.799227,0.691413,-5.557,69.381,2,4,3,5.409,255.426,0.010325,0.019265,true,false,0.952673,true,true
SYN-0073,SHORT_CROWD_LOW_FAIL,SHORT集中・安値近辺・安値更新失敗,1791180300000,26,2,9,632858.6,3606221.66,-0.701417,0.712511,-76.505,-2.217,5,0,3,10.193,1097.618,-0.012123,0.009733,false,true,0.967484,true,true
SYN-0074,SHORT_CROWD_LOW_FAIL,SHORT集中・安値近辺・安値更新失敗,1791180600000,23,4,9,1017909.03,3498729.22,-0.549263,0.72266,-30.454,0.156,6,3,2,7.799,1015.333,-0.013023,0.019242,false,true,0.940823,true,true
SYN-0075,SHORT_CROWD_LOW_FAIL,SHORT集中・安値近辺・安値更新失敗,1791180900000,15,0,7,195860.55,3097858.18,-0.88107,0.725344,-78.132,-0.264,5,6,3,13.539,382.976,-0.017232,0.018306,false,true,0.897706,true,true
SYN-0076,SHORT_CROWD_LOW_FAIL,SHORT集中・安値近辺・安値更新失敗,1791181200000,17,2,7,524632.63,2480627.12,-0.650857,0.586884,-57.271,5.5,4,5,2,13.466,635.368,-0.010349,0.010829,false,true,0.879681,true,true
SYN-0077,SHORT_CROWD_LOW_FAIL,SHORT集中・安値近辺・安値更新失敗,1791181500000,28,2,12,895136.37,3764961.9,-0.615829,0.748823,-47.885,17.993,1,6,1,3.404,341.294,0.003282,0.014386,false,true,0.970166,true,true
SYN-0078,SHORT_CROWD_LOW_FAIL,SHORT集中・安値近辺・安値更新失敗,1791181800000,32,4,16,809272.13,3044978.17,-0.580062,0.723068,-32.128,4.059,2,1,1,11.945,445.155,-0.009212,0.020334,false,true,0.877991,true,true
SYN-0079,SHORT_CROWD_LOW_FAIL,SHORT集中・安値近辺・安値更新失敗,1791182100000,15,1,9,239878.66,2302922.14,-0.811327,0.71514,-51.307,-1.978,3,0,4,5.222,738.954,-0.001601,0.017435,false,true,0.933083,true,true
SYN-0080,SHORT_CROWD_LOW_FAIL,SHORT集中・安値近辺・安値更新失敗,1791182400000,18,1,6,336123.51,3068724.27,-0.802562,0.730868,-58.071,14.082,1,5,3,3.337,880.483,-0.019276,0.01008,false,true,0.907,true,true
SYN-0081,SHORT_CROWD_LOW_FAIL,SHORT集中・安値近辺・安値更新失敗,1791182700000,12,1,4,501253.43,3839710.63,-0.769059,0.702416,-28.532,-0.225,4,1,1,9.094,585.467,-0.013827,0.008777,false,true,0.849245,true,true
SYN-0082,SHORT_CROWD_LOW_FAIL,SHORT集中・安値近辺・安値更新失敗,1791183000000,13,1,7,522201.65,3272738.96,-0.724791,0.771483,-68.179,5.784,5,6,2,9.097,777.269,-0.009407,0.016484,false,true,0.946281,true,true
SYN-0083,SHORT_CROWD_LOW_FAIL,SHORT集中・安値近辺・安値更新失敗,1791183300000,31,1,17,450852.53,4278859.16,-0.809353,0.738629,-71.851,12.269,4,6,0,12.655,172.664,-0.021133,0.008115,false,true,0.980601,true,true
SYN-0084,SHORT_CROWD_LOW_FAIL,SHORT集中・安値近辺・安値更新失敗,1791183600000,19,2,6,97065.19,532732.81,-0.691758,0.736884,-75.918,10.752,4,4,0,13.04,170.074,-0.017138,0.015431,false,true,0.856392,true,true
SYN-0085,SHORT_CROWD_LOW_FAIL,SHORT集中・安値近辺・安値更新失敗,1791183900000,25,2,10,586950.7,2280808.56,-0.590656,0.66123,-80.926,-3.874,1,2,3,9.365,404.638,-0.004378,0.013264,false,true,0.929258,true,true
SYN-0086,SHORT_CROWD_LOW_FAIL,SHORT集中・安値近辺・安値更新失敗,1791184200000,30,3,9,767457.8,3971774.68,-0.676126,0.668079,-61.231,14.126,2,0,2,7.021,1069.347,-0.014851,0.013783,false,true,0.824528,true,true
SYN-0087,SHORT_CROWD_LOW_FAIL,SHORT集中・安値近辺・安値更新失敗,1791184500000,16,1,8,81912.62,791693.63,-0.812472,0.672891,-51.633,-2.533,3,3,1,13.85,789.165,-0.01275,0.018273,false,true,0.881382,true,true
SYN-0088,SHORT_CROWD_LOW_FAIL,SHORT集中・安値近辺・安値更新失敗,1791184800000,22,0,11,129126.59,3131784.51,-0.920803,0.699898,-55.709,2.656,2,6,3,5.111,1157.316,-0.003682,0.018299,false,true,0.989627,true,true
SYN-0089,SHORT_CROWD_LOW_FAIL,SHORT集中・安値近辺・安値更新失敗,1791185100000,26,3,9,370884.43,1761818.1,-0.652193,0.679073,-73.085,5.26,3,0,4,12.439,665.882,0.003188,0.014059,false,true,0.881222,true,true
SYN-0090,SHORT_CROWD_LOW_FAIL,SHORT集中・安値近辺・安値更新失敗,1791185400000,8,0,3,247537.72,1883986.73,-0.767736,0.623474,-31.334,16.106,3,6,1,3.662,1067.129,-0.021181,0.014281,false,true,0.824408,true,true
SYN-0091,SHORT_CROWD_LOW_FAIL,SHORT集中・安値近辺・安値更新失敗,1791185700000,20,0,11,46788.5,825240.95,-0.892691,0.792812,-56.508,17.073,6,4,4,12.001,833.593,-0.014594,0.024144,false,true,0.894148,true,true
SYN-0092,SHORT_CROWD_LOW_FAIL,SHORT集中・安値近辺・安値更新失敗,1791186000000,11,1,6,547437.79,3951464.89,-0.756635,0.744587,-28.593,13.068,4,1,3,5.03,819.37,-0.020675,0.022079,false,true,0.990166,true,true
SYN-0093,LONG_CROWD_OI_UP,LONG集中・OI増加,1791186300000,16,9,1,2453485.58,248929.77,0.815772,0.563004,-17.035,89.378,5,2,1,11.715,452.315,0.015829,0.023516,false,false,0.828433,true,true
SYN-0094,LONG_CROWD_OI_UP,LONG集中・OI増加,1791186600000,9,5,0,1973122.08,302635.76,0.734035,0.541694,-15.002,37.573,4,4,1,9.44,452.425,0.006126,0.02011,false,false,0.993492,true,true
SYN-0095,LONG_CROWD_OI_UP,LONG集中・OI増加,1791186900000,22,7,1,4123734.68,592035.1,0.748913,0.582083,-5.125,48.701,4,0,0,6.415,406.555,0.011479,0.01969,false,false,0.937103,true,true
SYN-0096,LONG_CROWD_OI_UP,LONG集中・OI増加,1791187200000,30,14,3,3541773.7,686258.63,0.675377,0.566762,-8.704,83.864,5,0,4,3.107,556.024,0.025004,0.018676,false,false,0.845519,true,true
SYN-0097,LONG_CROWD_OI_UP,LONG集中・OI増加,1791187500000,29,16,3,2770616.71,487257.92,0.700874,0.575253,2.532,41.929,6,6,2,12.24,981.105,0.007911,0.021139,false,false,0.828068,true,true
SYN-0098,LONG_CROWD_OI_UP,LONG集中・OI増加,1791187800000,32,13,2,1389937.63,176602.46,0.774532,0.536249,1.251,39.962,1,0,4,3.036,385.762,0.018764,0.020236,false,false,0.976465,true,true
SYN-0099,LONG_CROWD_OI_UP,LONG集中・OI増加,1791188100000,27,10,1,2334198.41,184371.89,0.85359,0.637537,-4.867,48.671,2,0,2,7.945,679.729,0.016821,0.02398,false,false,0.942436,true,true
SYN-0100,LONG_CROWD_OI_UP,LONG集中・OI増加,1791188400000,18,11,1,1181991.02,239192.09,0.66339,0.472589,-12.557,70.605,3,1,1,13.961,309.977,0.01708,0.017586,false,false,0.91273,true,true
SYN-0101,LONG_CROWD_OI_UP,LONG集中・OI増加,1791188700000,20,8,2,1582937.34,231146.85,0.745164,0.616445,2.219,47.227,2,3,0,12.595,756.704,0.017365,0.02072,false,false,0.964403,true,true
SYN-0102,LONG_CROWD_OI_UP,LONG集中・OI増加,1791189000000,31,13,2,3905868.42,500050.09,0.77301,0.571225,-8.132,49.304,0,3,4,9.655,768.532,-0.004047,0.02725,false,false,0.917088,true,true
SYN-0103,LONG_CROWD_OI_UP,LONG集中・OI増加,1791189300000,29,17,4,764782.16,212276.87,0.565478,0.514155,1.112,48.429,5,6,4,3.801,681.598,0.004747,0.019668,false,false,0.975028,true,true
SYN-0104,LONG_CROWD_OI_UP,LONG集中・OI増加,1791189600000,20,11,2,654532.78,111393.38,0.709128,0.54503,-10.95,76.849,2,1,2,13.297,885.113,0.013576,0.021415,false,false,0.954282,true,true
SYN-0105,LONG_CROWD_OI_UP,LONG集中・OI増加,1791189900000,7,4,0,2295157.02,227133.46,0.819899,0.586055,2.541,43.358,6,6,1,13.739,670.618,0.012151,0.023932,false,false,0.84823,true,true
SYN-0106,LONG_CROWD_OI_UP,LONG集中・OI増加,1791190200000,14,6,1,1541469.09,325005.29,0.651744,0.561151,-4.076,60.399,6,6,4,9.17,717.325,0.011842,0.021122,false,false,0.826008,true,true
SYN-0107,LONG_CROWD_OI_UP,LONG集中・OI増加,1791190500000,27,17,3,1558583.54,252708.32,0.720963,0.722815,-2.623,67.76,4,6,1,13.521,522.179,0.014238,0.021081,false,false,0.880317,true,true
SYN-0108,LONG_CROWD_OI_UP,LONG集中・OI増加,1791190800000,27,13,2,563711.11,90816.28,0.722498,0.59826,-13.193,29.123,4,5,3,12.934,605.285,0.007318,0.023511,false,false,0.931006,true,true
SYN-0109,LONG_CROWD_OI_UP,LONG集中・OI増加,1791191100000,12,4,1,1507195.14,337254.83,0.634303,0.581463,-9.61,27.413,0,2,3,11.385,943.457,-0.00017,0.017798,false,false,0.89804,true,true
SYN-0110,LONG_CROWD_OI_UP,LONG集中・OI増加,1791191400000,29,17,3,2218098.74,561039.24,0.596249,0.569726,-13.718,39.906,6,0,4,9.136,545.325,-0.000963,0.024393,false,false,0.923676,true,true
SYN-0111,LONG_CROWD_OI_UP,LONG集中・OI増加,1791191700000,20,9,1,1005747.55,151934.77,0.737519,0.510625,-8.659,82.021,3,3,2,5.946,1090.986,0.019154,0.02011,false,false,0.959081,true,true
SYN-0112,LONG_CROWD_OI_UP,LONG集中・OI増加,1791192000000,12,6,1,2739680.96,448882.85,0.718442,0.516441,-12.064,52.916,6,4,2,5.089,1190.489,0.01713,0.023863,false,false,0.841615,true,true
SYN-0113,OPTIONAL_COVERAGE_MISSING,optional coverage不足,1791192300000,10,4,1,3257402.84,590782.88,0.692955,0.535241,3.618,74.197,5,6,3,,,-0.000307,0.009523,false,false,0.52806,false,true
SYN-0114,OPTIONAL_COVERAGE_MISSING,optional coverage不足,1791192600000,9,5,1,3712629.09,915249.52,0.604463,0.670727,-5.285,37.828,2,6,3,,,0.002033,0.008329,false,false,0.653398,false,true
SYN-0115,OPTIONAL_COVERAGE_MISSING,optional coverage不足,1791192900000,28,17,3,2497110.71,603100.53,0.610929,0.61946,3.004,29.451,4,4,1,,,0.014825,0.019945,false,false,0.491202,false,true
SYN-0116,OPTIONAL_COVERAGE_MISSING,optional coverage不足,1791193200000,24,11,4,2194221.88,651398.06,0.542175,0.677074,0.349,56.861,6,4,3,,,0.017268,0.016471,false,false,0.480883,false,true
SYN-0117,OPTIONAL_COVERAGE_MISSING,optional coverage不足,1791193500000,29,11,3,662210.06,153707.62,0.623228,0.671017,-1.363,70.571,2,1,0,,,0.003591,0.012314,false,false,0.51752,false,true
SYN-0118,OPTIONAL_COVERAGE_MISSING,optional coverage不足,1791193800000,9,5,1,1083755.53,302616.67,0.563441,0.701243,-12.333,28.881,6,5,0,,,0.01396,0.008601,false,false,0.709424,false,true
SYN-0119,OPTIONAL_COVERAGE_MISSING,optional coverage不足,1791194100000,24,13,2,2834348.44,647383.57,0.628126,0.658604,-7.064,67.89,4,4,0,,,0.025088,0.007801,false,false,0.50909,false,true
SYN-0120,OPTIONAL_COVERAGE_MISSING,optional coverage不足,1791194400000,27,14,3,3138925.05,1283754.64,0.419468,0.625718,-5.531,80.21,4,1,1,,,0.0094,0.003942,false,false,0.633546,false,true
