event_id,scenario,scenario_label,horizon_min,future_return,mfe_up,mae_down,moved_against_crowd,opposite_large_flow_occurred,panic_exit_candidate_wallets,explicit_liquidation_wallets,price_outcome_status,trade_outcome_status
SYN-0001,BASELINE,通常window,5,-0.00173,0.000828,-0.003627,true,false,0,0,READY,READY
SYN-0001,BASELINE,通常window,15,0.002446,0.00529,-0.002561,false,false,2,0,READY,READY
SYN-0001,BASELINE,通常window,30,0.001231,0.008126,-0.004308,false,true,2,0,READY,READY
SYN-0001,BASELINE,通常window,60,0.008644,0.015583,-0.0001,false,false,5,0,READY,READY
SYN-0002,BASELINE,通常window,5,0.001905,0.003421,-0.0001,false,true,1,0,READY,READY
SYN-0002,BASELINE,通常window,15,-0.002616,0.001594,-0.006146,true,false,0,0,READY,READY
SYN-0002,BASELINE,通常window,30,0.000655,0.008034,-0.004241,false,false,2,0,READY,READY
SYN-0002,BASELINE,通常window,60,0.007339,0.012297,-0.0001,false,false,3,0,READY,READY
SYN-0003,BASELINE,通常window,5,1e-05,0.0011,-0.000922,false,false,0,0,READY,READY
SYN-0003,BASELINE,通常window,15,0.001531,0.003028,-0.001812,false,false,1,0,READY,READY
SYN-0003,BASELINE,通常window,30,0.005042,0.009465,-0.0001,false,false,3,0,READY,READY
SYN-0003,BASELINE,通常window,60,0.002669,0.009458,-0.00421,false,true,4,0,READY,READY
SYN-0004,BASELINE,通常window,5,-0.002768,0.0001,-0.003574,true,true,1,0,READY,READY
SYN-0004,BASELINE,通常window,15,-0.002207,0.001086,-0.004624,true,false,0,0,READY,READY
SYN-0004,BASELINE,通常window,30,0.011577,0.016545,-0.0001,false,false,3,0,READY,READY
SYN-0004,BASELINE,通常window,60,-0.006347,0.001478,-0.012938,true,false,1,0,READY,READY
SYN-0005,BASELINE,通常window,5,-6.9e-05,0.001865,-0.001775,true,false,0,0,READY,READY
SYN-0005,BASELINE,通常window,15,-0.004121,0.000735,-0.007822,true,true,0,0,READY,READY
SYN-0005,BASELINE,通常window,30,0.005144,0.008948,-0.001268,false,false,1,0,READY,READY
SYN-0005,BASELINE,通常window,60,-0.009645,0.0001,-0.016228,true,true,2,0,READY,READY
SYN-0006,BASELINE,通常window,5,0.001671,0.004301,-0.0001,false,false,0,0,READY,READY
SYN-0006,BASELINE,通常window,15,0.006553,0.008607,-0.0001,false,false,0,0,READY,READY
SYN-0006,BASELINE,通常window,30,0.003828,0.00893,-0.0001,false,false,2,0,READY,READY
SYN-0006,BASELINE,通常window,60,-0.016098,0.0001,-0.023217,true,false,4,0,READY,READY
SYN-0007,BASELINE,通常window,5,-0.000913,0.0001,-0.003853,true,false,0,0,READY,READY
SYN-0007,BASELINE,通常window,15,0.003979,0.009259,-0.00043,false,true,1,0,READY,READY
SYN-0007,BASELINE,通常window,30,-0.005379,0.0001,-0.009835,true,false,0,0,READY,READY
SYN-0007,BASELINE,通常window,60,-0.00052,0.007071,-0.007941,true,false,2,0,READY,READY
SYN-0008,BASELINE,通常window,5,-0.002506,0.000654,-0.00572,false,false,0,0,READY,READY
SYN-0008,BASELINE,通常window,15,0.002643,0.006892,-0.001818,true,false,0,0,READY,READY
SYN-0008,BASELINE,通常window,30,0.004981,0.008988,-0.0001,true,false,0,0,READY,READY
SYN-0008,BASELINE,通常window,60,0.001526,0.009919,-0.004965,true,false,0,0,READY,READY
SYN-0009,BASELINE,通常window,5,0.003133,0.004954,-0.0001,false,false,1,0,READY,READY
SYN-0009,BASELINE,通常window,15,0.000448,0.004491,-0.002368,false,false,0,0,READY,READY
SYN-0009,BASELINE,通常window,30,-0.00961,0.0001,-0.016437,true,false,2,0,READY,READY
SYN-0009,BASELINE,通常window,60,0.018576,0.027142,-0.0001,false,false,1,0,READY,READY
SYN-0010,BASELINE,通常window,5,-2.1e-05,0.003216,-0.00031,false,false,1,0,READY,READY
SYN-0010,BASELINE,通常window,15,0.000686,0.00291,-0.004777,true,false,1,0,READY,READY
SYN-0010,BASELINE,通常window,30,-0.000351,0.004922,-0.005086,false,false,2,0,READY,READY
SYN-0010,BASELINE,通常window,60,0.006032,0.013131,-0.000329,true,false,3,0,READY,READY
SYN-0011,BASELINE,通常window,5,0.001288,0.002731,-0.000152,true,false,0,0,READY,READY
SYN-0011,BASELINE,通常window,15,-0.004332,0.0001,-0.008345,false,true,0,0,READY,READY
SYN-0011,BASELINE,通常window,30,0.006471,0.010717,-0.0001,true,false,3,0,READY,READY
SYN-0011,BASELINE,通常window,60,0.004894,0.011584,-0.001116,true,false,0,0,READY,READY
SYN-0012,BASELINE,通常window,5,0.000655,0.00347,-0.001985,false,false,1,0,READY,READY
SYN-0012,BASELINE,通常window,15,0.003839,0.007132,-0.0001,false,true,0,0,READY,READY
SYN-0012,BASELINE,通常window,30,0.004836,0.01047,-0.0001,false,false,1,0,READY,READY
SYN-0012,BASELINE,通常window,60,-0.004291,0.003392,-0.012554,true,false,4,0,READY,READY
SYN-0013,BASELINE,通常window,5,0.00026,0.002342,-0.003514,true,false,1,0,READY,READY
SYN-0013,BASELINE,通常window,15,0.00277,0.005619,-0.0001,true,false,2,0,READY,READY
SYN-0013,BASELINE,通常window,30,-0.003961,0.000494,-0.009299,false,false,0,0,READY,READY
SYN-0013,BASELINE,通常window,60,0.004027,0.010472,-0.002613,true,false,3,0,READY,READY
SYN-0014,BASELINE,通常window,5,0.001288,0.002903,-0.0001,false,false,0,0,READY,READY
SYN-0014,BASELINE,通常window,15,0.000469,0.003707,-0.001423,false,false,2,0,READY,READY
SYN-0014,BASELINE,通常window,30,0.003595,0.00805,-0.000962,false,true,2,0,READY,READY
SYN-0014,BASELINE,通常window,60,0.011076,0.017014,-0.0001,false,false,0,0,READY,READY
SYN-0015,BASELINE,通常window,5,8.2e-05,0.002641,-0.000277,false,false,0,0,READY,READY
SYN-0015,BASELINE,通常window,15,0.009575,0.012985,-0.0001,false,true,2,0,READY,READY
SYN-0015,BASELINE,通常window,30,0.004527,0.008255,-0.00117,false,false,3,0,READY,READY
SYN-0015,BASELINE,通常window,60,-0.00243,0.003762,-0.009481,true,true,3,0,READY,READY
SYN-0016,BASELINE,通常window,5,-0.004244,0.0001,-0.005301,true,false,1,0,READY,READY
SYN-0016,BASELINE,通常window,15,0.00147,0.005638,-0.001741,false,false,0,0,READY,READY
SYN-0016,BASELINE,通常window,30,0.011014,0.015865,-0.0001,false,false,2,0,READY,READY
SYN-0016,BASELINE,通常window,60,-0.013675,0.0001,-0.019031,true,false,4,0,READY,READY
SYN-0017,BASELINE,通常window,5,0.001401,0.002814,-0.001307,false,false,1,0,READY,READY
SYN-0017,BASELINE,通常window,15,0.001973,0.005337,-0.002394,false,false,0,0,READY,READY
SYN-0017,BASELINE,通常window,30,-0.009093,0.0001,-0.016628,true,false,0,0,READY,READY
SYN-0017,BASELINE,通常window,60,-0.001237,0.006871,-0.005508,true,false,0,0,READY,READY
SYN-0018,BASELINE,通常window,5,-0.002188,0.001268,-0.003321,true,true,0,0,READY,READY
SYN-0018,BASELINE,通常window,15,-0.005091,0.000425,-0.008702,true,false,1,0,READY,READY
SYN-0018,BASELINE,通常window,30,-0.007105,0.0001,-0.014099,true,false,2,0,READY,READY
SYN-0018,BASELINE,通常window,60,0.000151,0.00847,-0.007951,false,false,2,0,READY,READY
SYN-0019,BASELINE,通常window,5,0.006594,0.007338,-0.0001,false,true,1,0,READY,READY
SYN-0019,BASELINE,通常window,15,0.009215,0.009706,-0.0001,false,true,1,0,READY,READY
SYN-0019,BASELINE,通常window,30,0.005219,0.011444,-0.0001,false,false,2,0,READY,READY
SYN-0019,BASELINE,通常window,60,0.006526,0.013464,-0.001409,false,true,1,0,READY,READY
SYN-0020,BASELINE,通常window,5,0.000304,0.000801,-0.002284,true,false,0,0,READY,READY
SYN-0020,BASELINE,通常window,15,0.000436,0.003278,-0.004247,true,false,0,0,READY,READY
SYN-0020,BASELINE,通常window,30,0.00483,0.009456,-0.000495,true,false,1,0,READY,READY
SYN-0020,BASELINE,通常window,60,-0.001053,0.00755,-0.008554,false,false,1,0,READY,READY
SYN-0021,BASELINE,通常window,5,-0.003629,0.0001,-0.006412,true,false,1,0,READY,READY
SYN-0021,BASELINE,通常window,15,0.001571,0.007385,-0.001352,false,false,2,0,READY,READY
SYN-0021,BASELINE,通常window,30,0.010328,0.017104,-0.0001,false,false,2,0,READY,READY
SYN-0021,BASELINE,通常window,60,-0.012927,0.0001,-0.020148,true,false,2,0,READY,READY
SYN-0022,BASELINE,通常window,5,-0.002359,0.0001,-0.005632,true,true,0,0,READY,READY
SYN-0022,BASELINE,通常window,15,0.003294,0.006069,-0.000375,false,true,2,0,READY,READY
SYN-0022,BASELINE,通常window,30,-0.000102,0.006578,-0.004437,true,true,2,0,READY,READY
SYN-0022,BASELINE,通常window,60,-0.003887,0.002857,-0.013021,true,false,2,0,READY,READY
SYN-0023,BASELINE,通常window,5,-0.001721,0.002543,-0.002008,true,false,0,0,READY,READY
SYN-0023,BASELINE,通常window,15,-2e-05,0.004708,-0.003413,true,true,1,0,READY,READY
SYN-0023,BASELINE,通常window,30,0.00455,0.010859,-0.0001,false,true,1,0,READY,READY
SYN-0023,BASELINE,通常window,60,-0.005073,0.000798,-0.013398,true,false,3,0,READY,READY
SYN-0024,BASELINE,通常window,5,0.000535,0.002508,-0.002214,false,false,1,0,READY,READY
SYN-0024,BASELINE,通常window,15,0.008177,0.011054,-0.0001,false,true,0,0,READY,READY
SYN-0024,BASELINE,通常window,30,-0.012388,0.0001,-0.019732,true,false,2,0,READY,READY
SYN-0024,BASELINE,通常window,60,0.00018,0.006274,-0.010017,false,false,4,0,READY,READY
SYN-0025,BASELINE,通常window,5,-0.004168,0.0001,-0.004207,true,true,1,0,READY,READY
SYN-0025,BASELINE,通常window,15,-0.006085,0.0001,-0.008911,true,false,2,0,READY,READY
SYN-0025,BASELINE,通常window,30,0.008279,0.015296,-0.0001,false,false,3,0,READY,READY
SYN-0025,BASELINE,通常window,60,0.006545,0.012826,-0.000845,false,false,0,0,READY,READY
SYN-0026,BASELINE,通常window,5,9e-05,0.000998,-0.001561,false,false,1,0,READY,READY
SYN-0026,BASELINE,通常window,15,-0.008217,0.0001,-0.011108,true,false,2,0,READY,READY
SYN-0026,BASELINE,通常window,30,-0.005111,0.000294,-0.010352,true,false,3,0,READY,READY
SYN-0026,BASELINE,通常window,60,0.003984,0.010353,-0.004306,false,true,2,0,READY,READY
SYN-0027,BASELINE,通常window,5,-0.004379,0.0001,-0.007047,true,false,1,0,READY,READY
SYN-0027,BASELINE,通常window,15,0.005368,0.012036,-0.0001,false,false,2,0,READY,READY
SYN-0027,BASELINE,通常window,30,0.001868,0.007472,-0.00277,false,false,2,0,READY,READY
SYN-0027,BASELINE,通常window,60,-0.008692,0.0001,-0.017061,true,false,1,0,READY,READY
SYN-0028,BASELINE,通常window,5,-0.005246,0.0001,-0.006094,true,false,0,0,READY,READY
SYN-0028,BASELINE,通常window,15,0.002084,0.004855,-0.0001,false,true,0,0,READY,READY
SYN-0028,BASELINE,通常window,30,0.003018,0.00816,-0.001087,false,false,0,0,READY,READY
SYN-0028,BASELINE,通常window,60,0.008602,0.014278,-0.0001,false,false,1,0,READY,READY
SYN-0029,BASELINE,通常window,5,1e-05,0.003473,-0.00048,true,false,0,0,READY,READY
SYN-0029,BASELINE,通常window,15,-0.003318,0.001418,-0.006939,false,false,0,0,READY,READY
SYN-0029,BASELINE,通常window,30,0.001702,0.006048,-0.000707,true,false,2,0,READY,READY
SYN-0029,BASELINE,通常window,60,0.018176,0.025215,-0.0001,true,false,1,0,READY,READY
SYN-0030,BASELINE,通常window,5,3.5e-05,0.001787,-0.002789,true,false,0,0,READY,READY
SYN-0030,BASELINE,通常window,15,0.002224,0.003375,-0.001985,true,false,1,0,READY,READY
SYN-0030,BASELINE,通常window,30,0.001074,0.006552,-0.00403,true,false,2,0,READY,READY
SYN-0030,BASELINE,通常window,60,0.008498,0.016011,-0.0001,true,true,3,0,READY,READY
SYN-0031,BASELINE,通常window,5,0.000954,0.002186,-0.000817,false,false,1,0,READY,READY
SYN-0031,BASELINE,通常window,15,0.003215,0.004869,-0.0001,false,false,0,0,READY,READY
SYN-0031,BASELINE,通常window,30,0.008078,0.012709,-0.0001,false,false,3,0,READY,READY
SYN-0031,BASELINE,通常window,60,-0.007108,0.001512,-0.012449,true,true,5,0,READY,READY
SYN-0032,BASELINE,通常window,5,-0.000436,0.000931,-0.002205,true,false,1,0,READY,READY
SYN-0032,BASELINE,通常window,15,0.001201,0.005378,-0.000983,false,false,2,0,READY,READY
SYN-0032,BASELINE,通常window,30,-3.3e-05,0.001797,-0.002637,true,true,3,0,READY,READY
SYN-0032,BASELINE,通常window,60,-0.000784,0.005792,-0.007329,true,false,4,0,READY,READY
SYN-0033,BASELINE,通常window,5,0.004663,0.006393,-0.0001,false,true,1,0,READY,READY
SYN-0033,BASELINE,通常window,15,-0.002255,0.00277,-0.004576,true,false,2,0,READY,READY
SYN-0033,BASELINE,通常window,30,-0.001271,0.003823,-0.005832,true,false,1,0,READY,READY
SYN-0033,BASELINE,通常window,60,-0.00916,0.0001,-0.018949,true,false,1,0,READY,READY
SYN-0034,BASELINE,通常window,5,-0.002321,0.000394,-0.003978,false,true,0,0,READY,READY
SYN-0034,BASELINE,通常window,15,0.000757,0.007377,-0.00111,true,false,2,0,READY,READY
SYN-0034,BASELINE,通常window,30,0.004751,0.011837,-0.0001,true,false,3,0,READY,READY
SYN-0034,BASELINE,通常window,60,-0.003906,0.003081,-0.010452,false,false,0,0,READY,READY
SYN-0035,BASELINE,通常window,5,0.002223,0.004763,-0.000168,false,false,1,0,READY,READY
SYN-0035,BASELINE,通常window,15,0.000769,0.003295,-0.001892,false,false,2,0,READY,READY
SYN-0035,BASELINE,通常window,30,0.005318,0.011808,-0.0001,false,false,0,0,READY,READY
SYN-0035,BASELINE,通常window,60,0.006451,0.013502,-0.0003,false,false,2,0,READY,READY
SYN-0036,BASELINE,通常window,5,-0.001062,0.001644,-0.003869,true,true,0,0,READY,READY
SYN-0036,BASELINE,通常window,15,0.007362,0.010906,-0.0001,false,false,2,0,READY,READY
SYN-0036,BASELINE,通常window,30,0.001794,0.007387,-0.001026,false,false,2,0,READY,READY
SYN-0036,BASELINE,通常window,60,0.003407,0.010193,-0.003973,false,true,3,0,READY,READY
SYN-0037,BASELINE,通常window,5,-0.000285,0.002574,-0.00339,true,false,0,0,READY,READY
SYN-0037,BASELINE,通常window,15,-0.004423,0.0001,-0.008059,true,false,1,0,READY,READY
SYN-0037,BASELINE,通常window,30,0.00415,0.00976,-0.000321,false,false,3,0,READY,READY
SYN-0037,BASELINE,通常window,60,-0.00209,0.005204,-0.011569,true,false,4,0,READY,READY
SYN-0038,BASELINE,通常window,5,0.000882,0.0035,-0.001198,true,false,1,0,READY,READY
SYN-0038,BASELINE,通常window,15,0.002442,0.006974,-0.0001,true,false,1,0,READY,READY
SYN-0038,BASELINE,通常window,30,-0.009529,0.0001,-0.013748,false,false,0,0,READY,READY
SYN-0038,BASELINE,通常window,60,0.010002,0.017626,-0.0001,true,true,3,0,READY,READY
SYN-0039,BASELINE,通常window,5,-0.002545,0.00025,-0.006791,true,false,0,0,READY,READY
SYN-0039,BASELINE,通常window,15,-0.003107,0.000208,-0.004946,true,true,0,0,READY,READY
SYN-0039,BASELINE,通常window,30,-0.009534,0.0001,-0.015527,true,false,2,0,READY,READY
SYN-0039,BASELINE,通常window,60,-0.006834,0.001576,-0.013278,true,true,0,0,READY,READY
SYN-0040,BASELINE,通常window,5,-0.003642,0.0001,-0.004645,true,false,1,0,READY,READY
SYN-0040,BASELINE,通常window,15,0.002306,0.005228,-0.0001,false,false,2,0,READY,READY
SYN-0040,BASELINE,通常window,30,0.001341,0.007534,-0.002236,false,false,1,0,READY,READY
SYN-0040,BASELINE,通常window,60,-0.00668,0.002888,-0.015072,true,false,1,0,READY,READY
SYN-0041,BASELINE,通常window,5,-0.000381,0.000755,-0.001343,false,false,1,0,READY,READY
SYN-0041,BASELINE,通常window,15,-0.00168,0.0008,-0.00404,false,false,2,0,READY,READY
SYN-0041,BASELINE,通常window,30,-0.003213,0.00171,-0.008422,false,true,0,0,READY,READY
SYN-0041,BASELINE,通常window,60,0.007994,0.016581,-0.001042,true,false,1,0,READY,READY
SYN-0042,BASELINE,通常window,5,-0.004115,0.0001,-0.007521,true,false,0,0,READY,READY
SYN-0042,BASELINE,通常window,15,0.000848,0.004227,-0.003486,false,false,1,0,READY,READY
SYN-0042,BASELINE,通常window,30,-0.006836,0.0001,-0.011837,true,false,1,0,READY,READY
SYN-0042,BASELINE,通常window,60,0.002876,0.010841,-0.00364,false,false,1,0,READY,READY
SYN-0043,BASELINE,通常window,5,0.003792,0.007726,-0.0001,false,true,1,0,READY,READY
SYN-0043,BASELINE,通常window,15,0.005136,0.009561,-0.0001,false,false,2,0,READY,READY
SYN-0043,BASELINE,通常window,30,0.012649,0.018639,-0.0001,false,false,1,0,READY,READY
SYN-0043,BASELINE,通常window,60,0.007296,0.016015,-0.001235,false,false,5,0,READY,READY
SYN-0044,BASELINE,通常window,5,-0.003265,0.0001,-0.005246,true,false,1,0,READY,READY
SYN-0044,BASELINE,通常window,15,0.005183,0.007843,-0.0001,false,false,1,0,READY,READY
SYN-0044,BASELINE,通常window,30,0.004773,0.009124,-0.000666,false,true,1,0,READY,READY
SYN-0044,BASELINE,通常window,60,0.004877,0.01124,-0.001494,false,false,3,0,READY,READY
SYN-0045,BASELINE,通常window,5,-0.000747,0.002855,-0.004138,true,false,0,0,READY,READY
SYN-0045,BASELINE,通常window,15,0.002852,0.006605,-0.000443,false,false,0,0,READY,READY
SYN-0045,BASELINE,通常window,30,0.002966,0.007562,-0.00277,false,false,3,0,READY,READY
SYN-0045,BASELINE,通常window,60,-0.000945,0.00768,-0.00554,true,true,0,0,READY,READY
SYN-0046,BASELINE,通常window,5,0.003103,0.005895,-0.0001,true,false,1,0,READY,READY
SYN-0046,BASELINE,通常window,15,0.003068,0.006936,-0.000936,true,false,1,0,READY,READY
SYN-0046,BASELINE,通常window,30,0.008763,0.012422,-0.0001,true,false,0,0,READY,READY
SYN-0046,BASELINE,通常window,60,-0.003126,0.004732,-0.011134,false,false,4,0,READY,READY
SYN-0047,BASELINE,通常window,5,-0.003863,0.0001,-0.005898,true,false,0,0,READY,READY
SYN-0047,BASELINE,通常window,15,-0.002514,0.001401,-0.003673,true,false,2,0,READY,READY
SYN-0047,BASELINE,通常window,30,0.00448,0.00958,-0.001434,false,false,2,0,READY,READY
SYN-0047,BASELINE,通常window,60,-0.009666,0.0001,-0.015064,true,false,4,0,READY,READY
SYN-0048,BASELINE,通常window,5,-0.001596,0.001314,-0.003469,false,false,1,0,READY,READY
SYN-0048,BASELINE,通常window,15,3.5e-05,0.004461,-0.003793,true,false,1,0,READY,READY
SYN-0048,BASELINE,通常window,30,0.002145,0.008063,-0.002978,true,false,1,0,READY,READY
SYN-0048,BASELINE,通常window,60,-0.005819,0.001429,-0.01239,false,true,3,0,READY,READY
SYN-0049,LONG_CROWD_HIGH_FAIL,LONG集中・高値近辺・高値更新失敗,5,-0.004347,0.0001,-0.005573,true,false,3,0,READY,READY
SYN-0049,LONG_CROWD_HIGH_FAIL,LONG集中・高値近辺・高値更新失敗,15,-0.005562,0.0001,-0.008382,true,true,0,0,READY,READY
SYN-0049,LONG_CROWD_HIGH_FAIL,LONG集中・高値近辺・高値更新失敗,30,-0.002883,0.000809,-0.00667,true,false,4,0,READY,READY
SYN-0049,LONG_CROWD_HIGH_FAIL,LONG集中・高値近辺・高値更新失敗,60,-0.012938,0.0001,-0.019414,true,false,4,1,READY,READY
SYN-0050,LONG_CROWD_HIGH_FAIL,LONG集中・高値近辺・高値更新失敗,5,-0.001513,0.002513,-0.003683,true,true,1,0,READY,READY
SYN-0050,LONG_CROWD_HIGH_FAIL,LONG集中・高値近辺・高値更新失敗,15,0.000515,0.005265,-0.003011,false,true,3,0,READY,READY
SYN-0050,LONG_CROWD_HIGH_FAIL,LONG集中・高値近辺・高値更新失敗,30,-0.019779,0.0001,-0.025333,true,false,2,1,READY,READY
SYN-0050,LONG_CROWD_HIGH_FAIL,LONG集中・高値近辺・高値更新失敗,60,-0.005301,0.003696,-0.014601,true,true,5,0,READY,READY
SYN-0051,LONG_CROWD_HIGH_FAIL,LONG集中・高値近辺・高値更新失敗,5,-0.00163,0.0001,-0.005688,true,true,3,0,READY,READY
SYN-0051,LONG_CROWD_HIGH_FAIL,LONG集中・高値近辺・高値更新失敗,15,-0.005998,0.0001,-0.009765,true,false,3,0,READY,READY
SYN-0051,LONG_CROWD_HIGH_FAIL,LONG集中・高値近辺・高値更新失敗,30,0.006157,0.010982,-0.0001,false,true,3,0,READY,READY
SYN-0051,LONG_CROWD_HIGH_FAIL,LONG集中・高値近辺・高値更新失敗,60,-0.009808,0.0001,-0.014358,true,true,2,0,READY,READY
SYN-0052,LONG_CROWD_HIGH_FAIL,LONG集中・高値近辺・高値更新失敗,5,-0.005551,0.0001,-0.008182,true,true,0,0,READY,READY
SYN-0052,LONG_CROWD_HIGH_FAIL,LONG集中・高値近辺・高値更新失敗,15,0.000371,0.002335,-0.002797,false,true,3,0,READY,READY
SYN-0052,LONG_CROWD_HIGH_FAIL,LONG集中・高値近辺・高値更新失敗,30,-0.008662,0.0001,-0.012204,true,true,4,0,READY,READY
SYN-0052,LONG_CROWD_HIGH_FAIL,LONG集中・高値近辺・高値更新失敗,60,-0.009659,0.0001,-0.016352,true,true,2,0,READY,READY
SYN-0053,LONG_CROWD_HIGH_FAIL,LONG集中・高値近辺・高値更新失敗,5,-0.002321,0.0001,-0.004919,true,true,2,0,READY,READY
SYN-0053,LONG_CROWD_HIGH_FAIL,LONG集中・高値近辺・高値更新失敗,15,-0.008906,0.0001,-0.013317,true,true,0,0,READY,READY
SYN-0053,LONG_CROWD_HIGH_FAIL,LONG集中・高値近辺・高値更新失敗,30,-0.015396,0.0001,-0.020394,true,true,2,1,READY,READY
SYN-0053,LONG_CROWD_HIGH_FAIL,LONG集中・高値近辺・高値更新失敗,60,-0.001096,0.006333,-0.009032,true,true,3,0,READY,READY
SYN-0054,LONG_CROWD_HIGH_FAIL,LONG集中・高値近辺・高値更新失敗,5,-0.005142,0.0001,-0.007043,true,true,1,0,READY,READY
SYN-0054,LONG_CROWD_HIGH_FAIL,LONG集中・高値近辺・高値更新失敗,15,-0.004646,0.0001,-0.008582,true,true,0,0,READY,READY
SYN-0054,LONG_CROWD_HIGH_FAIL,LONG集中・高値近辺・高値更新失敗,30,-0.002363,0.00369,-0.00523,true,true,4,0,READY,READY
SYN-0054,LONG_CROWD_HIGH_FAIL,LONG集中・高値近辺・高値更新失敗,60,-0.006342,0.001814,-0.013271,true,true,1,1,READY,READY
SYN-0055,LONG_CROWD_HIGH_FAIL,LONG集中・高値近辺・高値更新失敗,5,0.000655,0.001681,-0.001514,false,true,2,0,READY,READY
SYN-0055,LONG_CROWD_HIGH_FAIL,LONG集中・高値近辺・高値更新失敗,15,-0.006582,0.0001,-0.011092,true,false,2,0,READY,READY
SYN-0055,LONG_CROWD_HIGH_FAIL,LONG集中・高値近辺・高値更新失敗,30,-0.005539,0.001067,-0.010295,true,true,0,1,READY,READY
SYN-0055,LONG_CROWD_HIGH_FAIL,LONG集中・高値近辺・高値更新失敗,60,-0.014595,0.0001,-0.021668,true,false,1,0,READY,READY
SYN-0056,LONG_CROWD_HIGH_FAIL,LONG集中・高値近辺・高値更新失敗,5,-0.005429,0.0001,-0.008055,true,true,0,0,READY,READY
SYN-0056,LONG_CROWD_HIGH_FAIL,LONG集中・高値近辺・高値更新失敗,15,-0.00526,0.0001,-0.009394,true,true,2,0,READY,READY
SYN-0056,LONG_CROWD_HIGH_FAIL,LONG集中・高値近辺・高値更新失敗,30,-0.011174,0.0001,-0.020306,true,true,4,1,READY,READY
SYN-0056,LONG_CROWD_HIGH_FAIL,LONG集中・高値近辺・高値更新失敗,60,-0.016756,0.0001,-0.02374,true,true,6,0,READY,READY
SYN-0057,LONG_CROWD_HIGH_FAIL,LONG集中・高値近辺・高値更新失敗,5,-0.003199,0.0001,-0.004404,true,true,3,0,READY,READY
SYN-0057,LONG_CROWD_HIGH_FAIL,LONG集中・高値近辺・高値更新失敗,15,-0.010333,0.0001,-0.01457,true,false,3,0,READY,READY
SYN-0057,LONG_CROWD_HIGH_FAIL,LONG集中・高値近辺・高値更新失敗,30,-0.011363,0.0001,-0.017128,true,false,3,0,READY,READY
SYN-0057,LONG_CROWD_HIGH_FAIL,LONG集中・高値近辺・高値更新失敗,60,-0.017507,0.0001,-0.025461,true,false,0,1,READY,READY
SYN-0058,LONG_CROWD_HIGH_FAIL,LONG集中・高値近辺・高値更新失敗,5,-0.003284,0.0001,-0.006347,true,true,3,0,READY,READY
SYN-0058,LONG_CROWD_HIGH_FAIL,LONG集中・高値近辺・高値更新失敗,15,-0.006421,0.0001,-0.009997,true,false,2,0,READY,READY
SYN-0058,LONG_CROWD_HIGH_FAIL,LONG集中・高値近辺・高値更新失敗,30,-0.002694,0.0001,-0.006608,true,true,1,1,READY,READY
SYN-0058,LONG_CROWD_HIGH_FAIL,LONG集中・高値近辺・高値更新失敗,60,-0.008557,0.0001,-0.015497,true,true,3,0,READY,READY
SYN-0059,LONG_CROWD_HIGH_FAIL,LONG集中・高値近辺・高値更新失敗,5,-0.006482,0.0001,-0.009917,true,true,0,0,READY,READY
SYN-0059,LONG_CROWD_HIGH_FAIL,LONG集中・高値近辺・高値更新失敗,15,-0.002931,0.0001,-0.0054,true,true,1,0,READY,READY
SYN-0059,LONG_CROWD_HIGH_FAIL,LONG集中・高値近辺・高値更新失敗,30,-0.009433,0.0001,-0.015315,true,true,0,1,READY,READY
SYN-0059,LONG_CROWD_HIGH_FAIL,LONG集中・高値近辺・高値更新失敗,60,-0.002521,0.003539,-0.010441,true,true,4,1,READY,READY
SYN-0060,LONG_CROWD_HIGH_FAIL,LONG集中・高値近辺・高値更新失敗,5,-0.005079,0.0001,-0.008369,true,true,3,0,READY,READY
SYN-0060,LONG_CROWD_HIGH_FAIL,LONG集中・高値近辺・高値更新失敗,15,-0.002806,0.000427,-0.006719,true,true,4,0,READY,READY
SYN-0060,LONG_CROWD_HIGH_FAIL,LONG集中・高値近辺・高値更新失敗,30,-0.002568,0.001934,-0.006717,true,true,2,1,READY,READY
SYN-0060,LONG_CROWD_HIGH_FAIL,LONG集中・高値近辺・高値更新失敗,60,-0.009244,0.0001,-0.017168,true,true,4,0,READY,READY
SYN-0061,LONG_CROWD_HIGH_FAIL,LONG集中・高値近辺・高値更新失敗,5,-2e-06,0.000741,-0.002825,true,false,2,0,READY,READY
SYN-0061,LONG_CROWD_HIGH_FAIL,LONG集中・高値近辺・高値更新失敗,15,-0.000672,0.003928,-0.003964,true,true,2,0,READY,READY
SYN-0061,LONG_CROWD_HIGH_FAIL,LONG集中・高値近辺・高値更新失敗,30,-0.005026,0.0001,-0.010563,true,true,5,1,READY,READY
SYN-0061,LONG_CROWD_HIGH_FAIL,LONG集中・高値近辺・高値更新失敗,60,-0.00108,0.00709,-0.00717,true,true,1,0,READY,READY
SYN-0062,LONG_CROWD_HIGH_FAIL,LONG集中・高値近辺・高値更新失敗,5,0.001224,0.004458,-0.000578,false,false,1,0,READY,READY
SYN-0062,LONG_CROWD_HIGH_FAIL,LONG集中・高値近辺・高値更新失敗,15,-0.000771,0.003686,-0.005041,true,false,0,0,READY,READY
SYN-0062,LONG_CROWD_HIGH_FAIL,LONG集中・高値近辺・高値更新失敗,30,-0.00272,0.001861,-0.007433,true,true,1,1,READY,READY
SYN-0062,LONG_CROWD_HIGH_FAIL,LONG集中・高値近辺・高値更新失敗,60,0.008701,0.015633,-0.0001,false,false,2,0,READY,READY
SYN-0063,LONG_CROWD_HIGH_FAIL,LONG集中・高値近辺・高値更新失敗,5,-0.000457,0.001634,-0.002328,true,true,2,0,READY,READY
SYN-0063,LONG_CROWD_HIGH_FAIL,LONG集中・高値近辺・高値更新失敗,15,-0.009922,0.0001,-0.012763,true,true,3,0,READY,READY
SYN-0063,LONG_CROWD_HIGH_FAIL,LONG集中・高値近辺・高値更新失敗,30,0.00998,0.016154,-0.0001,false,true,4,0,READY,READY
SYN-0063,LONG_CROWD_HIGH_FAIL,LONG集中・高値近辺・高値更新失敗,60,0.001461,0.005251,-0.005634,false,false,5,1,READY,READY
SYN-0064,LONG_CROWD_HIGH_FAIL,LONG集中・高値近辺・高値更新失敗,5,-0.00426,0.0001,-0.006729,true,true,3,0,READY,READY
SYN-0064,LONG_CROWD_HIGH_FAIL,LONG集中・高値近辺・高値更新失敗,15,-0.003156,0.0001,-0.007013,true,true,4,0,READY,READY
SYN-0064,LONG_CROWD_HIGH_FAIL,LONG集中・高値近辺・高値更新失敗,30,-0.00239,0.003048,-0.006197,true,true,2,1,READY,READY
SYN-0064,LONG_CROWD_HIGH_FAIL,LONG集中・高値近辺・高値更新失敗,60,0.003949,0.011262,-0.002861,false,true,0,0,READY,READY
SYN-0065,LONG_CROWD_HIGH_FAIL,LONG集中・高値近辺・高値更新失敗,5,-0.000343,0.003259,-0.000793,true,true,3,0,READY,READY
SYN-0065,LONG_CROWD_HIGH_FAIL,LONG集中・高値近辺・高値更新失敗,15,-0.006246,0.0001,-0.008055,true,true,0,0,READY,READY
SYN-0065,LONG_CROWD_HIGH_FAIL,LONG集中・高値近辺・高値更新失敗,30,0.003373,0.007864,-0.000139,false,false,2,1,READY,READY
SYN-0065,LONG_CROWD_HIGH_FAIL,LONG集中・高値近辺・高値更新失敗,60,-0.009204,0.0001,-0.017308,true,true,7,1,READY,READY
SYN-0066,LONG_CROWD_HIGH_FAIL,LONG集中・高値近辺・高値更新失敗,5,-0.002063,0.000833,-0.002707,true,true,0,0,READY,READY
SYN-0066,LONG_CROWD_HIGH_FAIL,LONG集中・高値近辺・高値更新失敗,15,-0.008568,0.0001,-0.011102,true,true,2,0,READY,READY
SYN-0066,LONG_CROWD_HIGH_FAIL,LONG集中・高値近辺・高値更新失敗,30,-0.000287,0.002527,-0.004029,true,true,4,1,READY,READY
SYN-0066,LONG_CROWD_HIGH_FAIL,LONG集中・高値近辺・高値更新失敗,60,-0.007188,0.001076,-0.013281,true,true,5,0,READY,READY
SYN-0067,LONG_CROWD_HIGH_FAIL,LONG集中・高値近辺・高値更新失敗,5,-0.000409,0.002235,-0.001318,true,false,0,0,READY,READY
SYN-0067,LONG_CROWD_HIGH_FAIL,LONG集中・高値近辺・高値更新失敗,15,-0.010362,0.0001,-0.014478,true,true,1,0,READY,READY
SYN-0067,LONG_CROWD_HIGH_FAIL,LONG集中・高値近辺・高値更新失敗,30,-0.010504,0.0001,-0.012148,true,false,2,0,READY,READY
SYN-0067,LONG_CROWD_HIGH_FAIL,LONG集中・高値近辺・高値更新失敗,60,-0.016288,0.0001,-0.02222,true,false,0,0,READY,READY
SYN-0068,LONG_CROWD_HIGH_FAIL,LONG集中・高値近辺・高値更新失敗,5,-0.003088,0.0001,-0.005433,true,true,2,0,READY,READY
SYN-0068,LONG_CROWD_HIGH_FAIL,LONG集中・高値近辺・高値更新失敗,15,0.010145,0.013523,-0.0001,false,true,0,0,READY,READY
SYN-0068,LONG_CROWD_HIGH_FAIL,LONG集中・高値近辺・高値更新失敗,30,-0.011477,0.0001,-0.015199,true,false,4,0,READY,READY
SYN-0068,LONG_CROWD_HIGH_FAIL,LONG集中・高値近辺・高値更新失敗,60,-0.016387,0.0001,-0.023331,true,false,2,0,READY,READY
SYN-0069,LONG_CROWD_HIGH_FAIL,LONG集中・高値近辺・高値更新失敗,5,-0.002624,0.001117,-0.004075,true,true,2,0,READY,READY
SYN-0069,LONG_CROWD_HIGH_FAIL,LONG集中・高値近辺・高値更新失敗,15,-0.009422,0.0001,-0.014483,true,true,4,0,READY,READY
SYN-0069,LONG_CROWD_HIGH_FAIL,LONG集中・高値近辺・高値更新失敗,30,-0.005056,0.0001,-0.009797,true,false,1,0,READY,READY
SYN-0069,LONG_CROWD_HIGH_FAIL,LONG集中・高値近辺・高値更新失敗,60,-0.016436,0.0001,-0.022668,true,true,5,0,READY,READY
SYN-0070,LONG_CROWD_HIGH_FAIL,LONG集中・高値近辺・高値更新失敗,5,-0.000123,0.001753,-0.002625,true,true,3,0,READY,READY
SYN-0070,LONG_CROWD_HIGH_FAIL,LONG集中・高値近辺・高値更新失敗,15,-0.006112,0.0001,-0.009099,true,true,2,0,READY,READY
SYN-0070,LONG_CROWD_HIGH_FAIL,LONG集中・高値近辺・高値更新失敗,30,-0.005819,0.001363,-0.011352,true,false,2,0,READY,READY
SYN-0070,LONG_CROWD_HIGH_FAIL,LONG集中・高値近辺・高値更新失敗,60,0.004111,0.01058,-0.005328,false,true,0,0,READY,READY
SYN-0071,LONG_CROWD_HIGH_FAIL,LONG集中・高値近辺・高値更新失敗,5,-0.004789,0.0001,-0.005497,true,true,2,0,READY,READY
SYN-0071,LONG_CROWD_HIGH_FAIL,LONG集中・高値近辺・高値更新失敗,15,0.000607,0.004594,-0.003649,false,true,3,0,READY,READY
SYN-0071,LONG_CROWD_HIGH_FAIL,LONG集中・高値近辺・高値更新失敗,30,-0.003565,0.0001,-0.008418,true,false,5,1,READY,READY
SYN-0071,LONG_CROWD_HIGH_FAIL,LONG集中・高値近辺・高値更新失敗,60,-0.022202,0.0001,-0.029705,true,true,6,0,READY,READY
SYN-0072,LONG_CROWD_HIGH_FAIL,LONG集中・高値近辺・高値更新失敗,5,-0.000742,0.001906,-0.00366,true,false,1,0,READY,READY
SYN-0072,LONG_CROWD_HIGH_FAIL,LONG集中・高値近辺・高値更新失敗,15,0.000765,0.00407,-0.003,false,true,2,0,READY,READY
SYN-0072,LONG_CROWD_HIGH_FAIL,LONG集中・高値近辺・高値更新失敗,30,-0.00837,0.0001,-0.012608,true,true,1,1,READY,READY
SYN-0072,LONG_CROWD_HIGH_FAIL,LONG集中・高値近辺・高値更新失敗,60,-0.018211,0.0001,-0.027365,true,false,5,1,READY,READY
SYN-0073,SHORT_CROWD_LOW_FAIL,SHORT集中・安値近辺・安値更新失敗,5,0.003372,0.00483,-0.0001,true,false,1,0,READY,READY
SYN-0073,SHORT_CROWD_LOW_FAIL,SHORT集中・安値近辺・安値更新失敗,15,0.006533,0.010756,-0.0001,true,true,3,0,READY,READY
SYN-0073,SHORT_CROWD_LOW_FAIL,SHORT集中・安値近辺・安値更新失敗,30,0.020746,0.022664,-0.0001,true,true,2,1,READY,READY
SYN-0073,SHORT_CROWD_LOW_FAIL,SHORT集中・安値近辺・安値更新失敗,60,0.004536,0.009887,-0.000251,true,true,0,1,READY,READY
SYN-0074,SHORT_CROWD_LOW_FAIL,SHORT集中・安値近辺・安値更新失敗,5,0.006117,0.006603,-0.0001,true,true,0,0,READY,READY
SYN-0074,SHORT_CROWD_LOW_FAIL,SHORT集中・安値近辺・安値更新失敗,15,-0.003104,0.0001,-0.007759,false,true,1,0,READY,READY
SYN-0074,SHORT_CROWD_LOW_FAIL,SHORT集中・安値近辺・安値更新失敗,30,0.016446,0.021264,-0.0001,true,true,1,1,READY,READY
SYN-0074,SHORT_CROWD_LOW_FAIL,SHORT集中・安値近辺・安値更新失敗,60,0.014396,0.019479,-0.0001,true,true,4,1,READY,READY
SYN-0075,SHORT_CROWD_LOW_FAIL,SHORT集中・安値近辺・安値更新失敗,5,0.0037,0.005501,-0.0001,true,true,2,0,READY,READY
SYN-0075,SHORT_CROWD_LOW_FAIL,SHORT集中・安値近辺・安値更新失敗,15,0.003402,0.008109,-0.001509,true,false,0,0,READY,READY
SYN-0075,SHORT_CROWD_LOW_FAIL,SHORT集中・安値近辺・安値更新失敗,30,0.012083,0.015988,-0.0001,true,true,5,1,READY,READY
SYN-0075,SHORT_CROWD_LOW_FAIL,SHORT集中・安値近辺・安値更新失敗,60,0.009774,0.016839,-0.0001,true,false,5,1,READY,READY
SYN-0076,SHORT_CROWD_LOW_FAIL,SHORT集中・安値近辺・安値更新失敗,5,0.002507,0.003304,-0.0001,true,true,1,0,READY,READY
SYN-0076,SHORT_CROWD_LOW_FAIL,SHORT集中・安値近辺・安値更新失敗,15,0.001635,0.005313,-0.0001,true,true,4,0,READY,READY
SYN-0076,SHORT_CROWD_LOW_FAIL,SHORT集中・安値近辺・安値更新失敗,30,0.001196,0.00648,-0.005244,true,false,3,0,READY,READY
SYN-0076,SHORT_CROWD_LOW_FAIL,SHORT集中・安値近辺・安値更新失敗,60,0.002948,0.009431,-0.004591,true,true,5,1,READY,READY
SYN-0077,SHORT_CROWD_LOW_FAIL,SHORT集中・安値近辺・安値更新失敗,5,0.005398,0.00664,-0.0001,true,true,2,0,READY,READY
SYN-0077,SHORT_CROWD_LOW_FAIL,SHORT集中・安値近辺・安値更新失敗,15,0.000986,0.004473,-0.003846,true,true,1,0,READY,READY
SYN-0077,SHORT_CROWD_LOW_FAIL,SHORT集中・安値近辺・安値更新失敗,30,0.0122,0.017686,-0.0001,true,false,1,0,READY,READY
SYN-0077,SHORT_CROWD_LOW_FAIL,SHORT集中・安値近辺・安値更新失敗,60,-0.007983,0.0001,-0.013405,false,true,3,1,READY,READY
SYN-0078,SHORT_CROWD_LOW_FAIL,SHORT集中・安値近辺・安値更新失敗,5,0.004305,0.005861,-0.0001,true,false,2,0,READY,READY
SYN-0078,SHORT_CROWD_LOW_FAIL,SHORT集中・安値近辺・安値更新失敗,15,0.008462,0.012439,-0.0001,true,true,4,0,READY,READY
SYN-0078,SHORT_CROWD_LOW_FAIL,SHORT集中・安値近辺・安値更新失敗,30,0.005646,0.01119,-0.0001,true,true,5,1,READY,READY
SYN-0078,SHORT_CROWD_LOW_FAIL,SHORT集中・安値近辺・安値更新失敗,60,0.006815,0.013391,-0.0001,true,true,6,0,READY,READY
SYN-0079,SHORT_CROWD_LOW_FAIL,SHORT集中・安値近辺・安値更新失敗,5,0.003693,0.006063,-0.0001,true,true,0,0,READY,READY
SYN-0079,SHORT_CROWD_LOW_FAIL,SHORT集中・安値近辺・安値更新失敗,15,0.004237,0.008625,-0.0001,true,true,3,0,READY,READY
SYN-0079,SHORT_CROWD_LOW_FAIL,SHORT集中・安値近辺・安値更新失敗,30,0.010094,0.016659,-0.0001,true,false,5,1,READY,READY
SYN-0079,SHORT_CROWD_LOW_FAIL,SHORT集中・安値近辺・安値更新失敗,60,-0.008088,0.0001,-0.016383,false,false,3,0,READY,READY
SYN-0080,SHORT_CROWD_LOW_FAIL,SHORT集中・安値近辺・安値更新失敗,5,0.001472,0.002671,-0.001853,true,false,3,0,READY,READY
SYN-0080,SHORT_CROWD_LOW_FAIL,SHORT集中・安値近辺・安値更新失敗,15,-0.000372,0.004615,-0.003543,false,true,4,0,READY,READY
SYN-0080,SHORT_CROWD_LOW_FAIL,SHORT集中・安値近辺・安値更新失敗,30,0.006191,0.010128,-0.000156,true,true,0,0,READY,READY
SYN-0080,SHORT_CROWD_LOW_FAIL,SHORT集中・安値近辺・安値更新失敗,60,0.015257,0.024303,-0.0001,true,false,5,0,READY,READY
SYN-0081,SHORT_CROWD_LOW_FAIL,SHORT集中・安値近辺・安値更新失敗,5,-1e-05,0.002576,-0.001606,false,true,2,0,READY,READY
SYN-0081,SHORT_CROWD_LOW_FAIL,SHORT集中・安値近辺・安値更新失敗,15,0.005393,0.007894,-0.0001,true,true,0,0,READY,READY
SYN-0081,SHORT_CROWD_LOW_FAIL,SHORT集中・安値近辺・安値更新失敗,30,-0.007962,0.0001,-0.012244,false,true,0,0,READY,READY
SYN-0081,SHORT_CROWD_LOW_FAIL,SHORT集中・安値近辺・安値更新失敗,60,0.007807,0.014596,-0.0001,true,false,7,0,READY,READY
SYN-0082,SHORT_CROWD_LOW_FAIL,SHORT集中・安値近辺・安値更新失敗,5,0.006481,0.008746,-0.0001,true,true,3,0,READY,READY
SYN-0082,SHORT_CROWD_LOW_FAIL,SHORT集中・安値近辺・安値更新失敗,15,0.00733,0.01065,-0.0001,true,true,3,0,READY,READY
SYN-0082,SHORT_CROWD_LOW_FAIL,SHORT集中・安値近辺・安値更新失敗,30,0.008548,0.013232,-0.0001,true,false,0,0,READY,READY
SYN-0082,SHORT_CROWD_LOW_FAIL,SHORT集中・安値近辺・安値更新失敗,60,-0.000555,0.006253,-0.008481,false,true,5,1,READY,READY
SYN-0083,SHORT_CROWD_LOW_FAIL,SHORT集中・安値近辺・安値更新失敗,5,0.000678,0.003647,-0.002035,true,false,1,0,READY,READY
SYN-0083,SHORT_CROWD_LOW_FAIL,SHORT集中・安値近辺・安値更新失敗,15,0.008682,0.012395,-0.0001,true,false,2,0,READY,READY
SYN-0083,SHORT_CROWD_LOW_FAIL,SHORT集中・安値近辺・安値更新失敗,30,0.011583,0.0149,-0.0001,true,false,2,0,READY,READY
SYN-0083,SHORT_CROWD_LOW_FAIL,SHORT集中・安値近辺・安値更新失敗,60,0.015134,0.022114,-0.0001,true,false,0,0,READY,READY
SYN-0084,SHORT_CROWD_LOW_FAIL,SHORT集中・安値近辺・安値更新失敗,5,-0.001975,0.0001,-0.004559,false,false,3,0,READY,READY
SYN-0084,SHORT_CROWD_LOW_FAIL,SHORT集中・安値近辺・安値更新失敗,15,0.012059,0.015939,-0.0001,true,false,4,0,READY,READY
SYN-0084,SHORT_CROWD_LOW_FAIL,SHORT集中・安値近辺・安値更新失敗,30,0.009067,0.011632,-0.0001,true,false,0,0,READY,READY
SYN-0084,SHORT_CROWD_LOW_FAIL,SHORT集中・安値近辺・安値更新失敗,60,0.006603,0.014645,-0.0001,true,true,5,1,READY,READY
SYN-0085,SHORT_CROWD_LOW_FAIL,SHORT集中・安値近辺・安値更新失敗,5,0.000734,0.002293,-0.00182,true,false,0,0,READY,READY
SYN-0085,SHORT_CROWD_LOW_FAIL,SHORT集中・安値近辺・安値更新失敗,15,0.001408,0.005633,-0.001481,true,true,1,0,READY,READY
SYN-0085,SHORT_CROWD_LOW_FAIL,SHORT集中・安値近辺・安値更新失敗,30,0.003699,0.009868,-0.000492,true,true,1,0,READY,READY
SYN-0085,SHORT_CROWD_LOW_FAIL,SHORT集中・安値近辺・安値更新失敗,60,0.017471,0.023893,-0.0001,true,true,1,0,READY,READY
SYN-0086,SHORT_CROWD_LOW_FAIL,SHORT集中・安値近辺・安値更新失敗,5,0.000647,0.001822,-0.0001,true,true,0,0,READY,READY
SYN-0086,SHORT_CROWD_LOW_FAIL,SHORT集中・安値近辺・安値更新失敗,15,0.003603,0.006697,-0.0001,true,true,2,0,READY,READY
SYN-0086,SHORT_CROWD_LOW_FAIL,SHORT集中・安値近辺・安値更新失敗,30,0.007929,0.012585,-0.0001,true,true,1,0,READY,READY
SYN-0086,SHORT_CROWD_LOW_FAIL,SHORT集中・安値近辺・安値更新失敗,60,0.012625,0.01928,-0.0001,true,true,2,1,READY,READY
SYN-0087,SHORT_CROWD_LOW_FAIL,SHORT集中・安値近辺・安値更新失敗,5,0.006705,0.009633,-0.0001,true,false,0,0,READY,READY
SYN-0087,SHORT_CROWD_LOW_FAIL,SHORT集中・安値近辺・安値更新失敗,15,0.002441,0.004197,-0.0001,true,true,2,0,READY,READY
SYN-0087,SHORT_CROWD_LOW_FAIL,SHORT集中・安値近辺・安値更新失敗,30,0.007373,0.010697,-0.0001,true,false,5,0,READY,READY
SYN-0087,SHORT_CROWD_LOW_FAIL,SHORT集中・安値近辺・安値更新失敗,60,-0.00512,0.002519,-0.012005,false,true,7,0,READY,READY
SYN-0088,SHORT_CROWD_LOW_FAIL,SHORT集中・安値近辺・安値更新失敗,5,0.005603,0.008519,-0.0001,true,true,0,0,READY,READY
SYN-0088,SHORT_CROWD_LOW_FAIL,SHORT集中・安値近辺・安値更新失敗,15,0.004429,0.008073,-0.000971,true,true,1,0,READY,READY
SYN-0088,SHORT_CROWD_LOW_FAIL,SHORT集中・安値近辺・安値更新失敗,30,0.004735,0.011054,-0.000464,true,true,4,1,READY,READY
SYN-0088,SHORT_CROWD_LOW_FAIL,SHORT集中・安値近辺・安値更新失敗,60,0.011528,0.017887,-0.0001,true,false,1,1,READY,READY
SYN-0089,SHORT_CROWD_LOW_FAIL,SHORT集中・安値近辺・安値更新失敗,5,0.001853,0.004564,-0.0001,true,true,2,0,READY,READY
SYN-0089,SHORT_CROWD_LOW_FAIL,SHORT集中・安値近辺・安値更新失敗,15,-0.003876,0.0001,-0.007203,false,true,4,0,READY,READY
SYN-0089,SHORT_CROWD_LOW_FAIL,SHORT集中・安値近辺・安値更新失敗,30,0.001738,0.009072,-0.001597,true,false,3,0,READY,READY
SYN-0089,SHORT_CROWD_LOW_FAIL,SHORT集中・安値近辺・安値更新失敗,60,-0.005615,0.003335,-0.012417,false,true,7,1,READY,READY
SYN-0090,SHORT_CROWD_LOW_FAIL,SHORT集中・安値近辺・安値更新失敗,5,0.000796,0.003521,-0.0001,true,false,3,0,READY,READY
SYN-0090,SHORT_CROWD_LOW_FAIL,SHORT集中・安値近辺・安値更新失敗,15,0.007411,0.009612,-0.0001,true,false,2,0,READY,READY
SYN-0090,SHORT_CROWD_LOW_FAIL,SHORT集中・安値近辺・安値更新失敗,30,0.006507,0.01087,-0.0001,true,true,1,0,READY,READY
SYN-0090,SHORT_CROWD_LOW_FAIL,SHORT集中・安値近辺・安値更新失敗,60,0.005928,0.013168,-0.0001,true,true,5,1,READY,READY
SYN-0091,SHORT_CROWD_LOW_FAIL,SHORT集中・安値近辺・安値更新失敗,5,0.005327,0.007493,-0.0001,true,false,0,0,READY,READY
SYN-0091,SHORT_CROWD_LOW_FAIL,SHORT集中・安値近辺・安値更新失敗,15,0.011321,0.01558,-0.0001,true,false,4,0,READY,READY
SYN-0091,SHORT_CROWD_LOW_FAIL,SHORT集中・安値近辺・安値更新失敗,30,-0.002067,0.003287,-0.007946,false,true,0,1,READY,READY
SYN-0091,SHORT_CROWD_LOW_FAIL,SHORT集中・安値近辺・安値更新失敗,60,0.001335,0.009443,-0.006402,true,false,0,0,READY,READY
SYN-0092,SHORT_CROWD_LOW_FAIL,SHORT集中・安値近辺・安値更新失敗,5,0.002791,0.005323,-0.000248,true,true,2,0,READY,READY
SYN-0092,SHORT_CROWD_LOW_FAIL,SHORT集中・安値近辺・安値更新失敗,15,0.012571,0.016234,-0.0001,true,true,2,0,READY,READY
SYN-0092,SHORT_CROWD_LOW_FAIL,SHORT集中・安値近辺・安値更新失敗,30,0.012118,0.016342,-0.0001,true,false,0,0,READY,READY
SYN-0092,SHORT_CROWD_LOW_FAIL,SHORT集中・安値近辺・安値更新失敗,60,0.012477,0.020885,-0.0001,true,false,3,0,READY,READY
SYN-0093,LONG_CROWD_OI_UP,LONG集中・OI増加,5,0.005601,0.008236,-0.0001,false,true,0,0,READY,READY
SYN-0093,LONG_CROWD_OI_UP,LONG集中・OI増加,15,-0.0035,0.0001,-0.005276,true,false,2,0,READY,READY
SYN-0093,LONG_CROWD_OI_UP,LONG集中・OI増加,30,-0.008814,0.0001,-0.01389,true,false,1,0,READY,READY
SYN-0093,LONG_CROWD_OI_UP,LONG集中・OI増加,60,-0.004237,0.004625,-0.00837,true,false,5,0,READY,READY
SYN-0094,LONG_CROWD_OI_UP,LONG集中・OI増加,5,0.003876,0.005679,-0.0001,false,false,0,0,READY,READY
SYN-0094,LONG_CROWD_OI_UP,LONG集中・OI増加,15,-0.006493,0.0001,-0.010198,true,false,0,0,READY,READY
SYN-0094,LONG_CROWD_OI_UP,LONG集中・OI増加,30,-0.001142,0.004484,-0.005359,true,false,2,0,READY,READY
SYN-0094,LONG_CROWD_OI_UP,LONG集中・OI増加,60,-0.003097,0.003135,-0.009766,true,false,3,0,READY,READY
SYN-0095,LONG_CROWD_OI_UP,LONG集中・OI増加,5,-0.002603,0.0001,-0.00424,true,false,0,0,READY,READY
SYN-0095,LONG_CROWD_OI_UP,LONG集中・OI増加,15,0.003319,0.006498,-0.0001,false,true,1,0,READY,READY
SYN-0095,LONG_CROWD_OI_UP,LONG集中・OI増加,30,0.004462,0.009939,-0.001929,false,false,1,0,READY,READY
SYN-0095,LONG_CROWD_OI_UP,LONG集中・OI増加,60,0.008015,0.015554,-0.0001,false,false,2,0,READY,READY
SYN-0096,LONG_CROWD_OI_UP,LONG集中・OI増加,5,-0.002489,0.0001,-0.003169,true,false,0,0,READY,READY
SYN-0096,LONG_CROWD_OI_UP,LONG集中・OI増加,15,-0.002977,0.00207,-0.007031,true,true,0,0,READY,READY
SYN-0096,LONG_CROWD_OI_UP,LONG集中・OI増加,30,-0.002983,0.000928,-0.006717,true,true,3,0,READY,READY
SYN-0096,LONG_CROWD_OI_UP,LONG集中・OI増加,60,-0.015765,0.0001,-0.023529,true,false,3,0,READY,READY
SYN-0097,LONG_CROWD_OI_UP,LONG集中・OI増加,5,0.000523,0.001099,-0.00194,false,false,1,0,READY,READY
SYN-0097,LONG_CROWD_OI_UP,LONG集中・OI増加,15,0.002227,0.004614,-0.000616,false,false,0,0,READY,READY
SYN-0097,LONG_CROWD_OI_UP,LONG集中・OI増加,30,-0.001342,0.00343,-0.008769,true,true,0,0,READY,READY
SYN-0097,LONG_CROWD_OI_UP,LONG集中・OI増加,60,-0.004914,0.003477,-0.014646,true,false,0,0,READY,READY
SYN-0098,LONG_CROWD_OI_UP,LONG集中・OI増加,5,0.004098,0.006998,-0.0001,false,true,0,0,READY,READY
SYN-0098,LONG_CROWD_OI_UP,LONG集中・OI増加,15,0.002087,0.002365,-0.001337,false,true,0,0,READY,READY
SYN-0098,LONG_CROWD_OI_UP,LONG集中・OI増加,30,-0.007583,0.0001,-0.012097,true,false,3,0,READY,READY
SYN-0098,LONG_CROWD_OI_UP,LONG集中・OI増加,60,0.009429,0.015936,-0.0001,false,false,1,0,READY,READY
SYN-0099,LONG_CROWD_OI_UP,LONG集中・OI増加,5,0.001717,0.002031,-0.001479,false,false,0,0,READY,READY
SYN-0099,LONG_CROWD_OI_UP,LONG集中・OI増加,15,0.001255,0.005503,-0.0001,false,true,2,0,READY,READY
SYN-0099,LONG_CROWD_OI_UP,LONG集中・OI増加,30,-0.008184,0.0001,-0.012195,true,false,3,0,READY,READY
SYN-0099,LONG_CROWD_OI_UP,LONG集中・OI増加,60,0.007111,0.01221,-0.000923,false,true,4,0,READY,READY
SYN-0100,LONG_CROWD_OI_UP,LONG集中・OI増加,5,0.00037,0.002529,-0.001356,false,false,0,0,READY,READY
SYN-0100,LONG_CROWD_OI_UP,LONG集中・OI増加,15,0.003679,0.006398,-0.0001,false,false,2,0,READY,READY
SYN-0100,LONG_CROWD_OI_UP,LONG集中・OI増加,30,-0.005537,0.0001,-0.00931,true,false,1,0,READY,READY
SYN-0100,LONG_CROWD_OI_UP,LONG集中・OI増加,60,0.011979,0.021827,-0.0001,false,false,4,0,READY,READY
SYN-0101,LONG_CROWD_OI_UP,LONG集中・OI増加,5,-0.003773,0.0001,-0.004401,true,false,0,0,READY,READY
SYN-0101,LONG_CROWD_OI_UP,LONG集中・OI増加,15,0.004308,0.004721,-0.0001,false,true,1,0,READY,READY
SYN-0101,LONG_CROWD_OI_UP,LONG集中・OI増加,30,0.005402,0.009552,-0.0001,false,false,0,0,READY,READY
SYN-0101,LONG_CROWD_OI_UP,LONG集中・OI増加,60,0.003472,0.010474,-0.001199,false,false,1,0,READY,READY
SYN-0102,LONG_CROWD_OI_UP,LONG集中・OI増加,5,0.001816,0.004908,-0.0001,false,false,0,0,READY,READY
SYN-0102,LONG_CROWD_OI_UP,LONG集中・OI増加,15,-0.000517,0.004202,-0.00427,true,true,1,0,READY,READY
SYN-0102,LONG_CROWD_OI_UP,LONG集中・OI増加,30,-0.002189,0.004228,-0.008354,true,false,3,0,READY,READY
SYN-0102,LONG_CROWD_OI_UP,LONG集中・OI増加,60,0.00185,0.008297,-0.005447,false,false,3,0,READY,READY
SYN-0103,LONG_CROWD_OI_UP,LONG集中・OI増加,5,-0.001765,0.0001,-0.004074,true,false,0,0,READY,READY
SYN-0103,LONG_CROWD_OI_UP,LONG集中・OI増加,15,-0.003734,0.000897,-0.006343,true,false,1,0,READY,READY
SYN-0103,LONG_CROWD_OI_UP,LONG集中・OI増加,30,0.007521,0.013389,-0.0001,false,true,2,0,READY,READY
SYN-0103,LONG_CROWD_OI_UP,LONG集中・OI増加,60,0.00578,0.012675,-0.001814,false,false,2,0,READY,READY
SYN-0104,LONG_CROWD_OI_UP,LONG集中・OI増加,5,0.001682,0.002709,-0.000559,false,false,1,0,READY,READY
SYN-0104,LONG_CROWD_OI_UP,LONG集中・OI増加,15,-0.000812,0.00165,-0.005754,true,false,1,0,READY,READY
SYN-0104,LONG_CROWD_OI_UP,LONG集中・OI増加,30,-0.011667,0.0001,-0.018898,true,false,1,0,READY,READY
SYN-0104,LONG_CROWD_OI_UP,LONG集中・OI増加,60,-0.011165,0.0001,-0.01775,true,false,4,0,READY,READY
SYN-0105,LONG_CROWD_OI_UP,LONG集中・OI増加,5,-0.003509,0.0001,-0.006233,true,false,1,0,READY,READY
SYN-0105,LONG_CROWD_OI_UP,LONG集中・OI増加,15,0.003956,0.008858,-0.0001,false,false,0,0,READY,READY
SYN-0105,LONG_CROWD_OI_UP,LONG集中・OI増加,30,0.014841,0.021958,-0.0001,false,false,2,0,READY,READY
SYN-0105,LONG_CROWD_OI_UP,LONG集中・OI増加,60,-0.009241,0.0001,-0.016632,true,false,5,0,READY,READY
SYN-0106,LONG_CROWD_OI_UP,LONG集中・OI増加,5,0.000304,0.001762,-0.0001,false,false,1,0,READY,READY
SYN-0106,LONG_CROWD_OI_UP,LONG集中・OI増加,15,-0.002323,0.000417,-0.005912,true,true,2,0,READY,READY
SYN-0106,LONG_CROWD_OI_UP,LONG集中・OI増加,30,-0.00172,0.002844,-0.005548,true,false,3,0,READY,READY
SYN-0106,LONG_CROWD_OI_UP,LONG集中・OI増加,60,-0.016036,0.0001,-0.024949,true,true,2,0,READY,READY
SYN-0107,LONG_CROWD_OI_UP,LONG集中・OI増加,5,-0.000859,0.0001,-0.002528,true,true,1,0,READY,READY
SYN-0107,LONG_CROWD_OI_UP,LONG集中・OI増加,15,-0.000805,0.002604,-0.004041,true,true,2,0,READY,READY
SYN-0107,LONG_CROWD_OI_UP,LONG集中・OI増加,30,-0.013,0.0001,-0.021092,true,false,0,0,READY,READY
SYN-0107,LONG_CROWD_OI_UP,LONG集中・OI増加,60,-0.008552,0.0001,-0.015142,true,true,3,0,READY,READY
SYN-0108,LONG_CROWD_OI_UP,LONG集中・OI増加,5,-0.001009,0.000372,-0.003904,true,false,1,0,READY,READY
SYN-0108,LONG_CROWD_OI_UP,LONG集中・OI増加,15,-0.002998,0.001517,-0.005854,true,false,0,0,READY,READY
SYN-0108,LONG_CROWD_OI_UP,LONG集中・OI増加,30,0.002716,0.004688,-0.002641,false,false,1,0,READY,READY
SYN-0108,LONG_CROWD_OI_UP,LONG集中・OI増加,60,-0.000566,0.007064,-0.005901,true,true,2,0,READY,READY
SYN-0109,LONG_CROWD_OI_UP,LONG集中・OI増加,5,0.002804,0.007037,-0.0001,false,false,1,0,READY,READY
SYN-0109,LONG_CROWD_OI_UP,LONG集中・OI増加,15,-0.003922,0.0001,-0.004694,true,false,1,0,READY,READY
SYN-0109,LONG_CROWD_OI_UP,LONG集中・OI増加,30,-0.001871,0.002716,-0.008094,true,false,0,0,READY,READY
SYN-0109,LONG_CROWD_OI_UP,LONG集中・OI増加,60,-0.013947,0.0001,-0.02085,true,true,5,0,READY,READY
SYN-0110,LONG_CROWD_OI_UP,LONG集中・OI増加,5,0.000388,0.003421,-0.003583,false,false,0,0,READY,READY
SYN-0110,LONG_CROWD_OI_UP,LONG集中・OI増加,15,0.005073,0.008238,-0.0001,false,true,2,0,READY,READY
SYN-0110,LONG_CROWD_OI_UP,LONG集中・OI増加,30,-0.011587,0.0001,-0.015921,true,false,0,0,READY,READY
SYN-0110,LONG_CROWD_OI_UP,LONG集中・OI増加,60,0.001052,0.009104,-0.006513,false,true,5,0,READY,READY
SYN-0111,LONG_CROWD_OI_UP,LONG集中・OI増加,5,-0.001634,0.0001,-0.003284,true,false,0,0,READY,READY
SYN-0111,LONG_CROWD_OI_UP,LONG集中・OI増加,15,-0.008775,0.0001,-0.013043,true,true,2,0,READY,READY
SYN-0111,LONG_CROWD_OI_UP,LONG集中・OI増加,30,-0.005087,0.001317,-0.009302,true,true,0,0,READY,READY
SYN-0111,LONG_CROWD_OI_UP,LONG集中・OI増加,60,-0.011586,0.0001,-0.016172,true,true,2,0,READY,READY
SYN-0112,LONG_CROWD_OI_UP,LONG集中・OI増加,5,-0.000384,0.001366,-0.00167,true,false,1,0,READY,READY
SYN-0112,LONG_CROWD_OI_UP,LONG集中・OI増加,15,0.000206,0.003722,-0.001524,false,false,2,0,READY,READY
SYN-0112,LONG_CROWD_OI_UP,LONG集中・OI増加,30,-0.000432,0.004139,-0.00513,true,true,1,0,READY,READY
SYN-0112,LONG_CROWD_OI_UP,LONG集中・OI増加,60,-0.006586,0.0001,-0.012961,true,true,4,0,READY,READY
SYN-0113,OPTIONAL_COVERAGE_MISSING,optional coverage不足,5,0.001823,0.005378,-0.001877,false,,0,0,READY,UNAVAILABLE
SYN-0113,OPTIONAL_COVERAGE_MISSING,optional coverage不足,15,-0.004485,0.0001,-0.008283,true,,2,0,READY,UNAVAILABLE
SYN-0113,OPTIONAL_COVERAGE_MISSING,optional coverage不足,30,0.001019,0.006742,-0.004379,false,,3,0,READY,UNAVAILABLE
SYN-0113,OPTIONAL_COVERAGE_MISSING,optional coverage不足,60,0.003429,0.010377,-0.004432,false,,1,0,READY,UNAVAILABLE
SYN-0114,OPTIONAL_COVERAGE_MISSING,optional coverage不足,5,-0.003028,0.0001,-0.00507,true,,1,0,READY,UNAVAILABLE
SYN-0114,OPTIONAL_COVERAGE_MISSING,optional coverage不足,15,0.002371,0.006305,-0.003009,false,,2,0,READY,UNAVAILABLE
SYN-0114,OPTIONAL_COVERAGE_MISSING,optional coverage不足,30,0.009517,0.0139,-0.0001,false,,2,0,READY,UNAVAILABLE
SYN-0114,OPTIONAL_COVERAGE_MISSING,optional coverage不足,60,0.001914,0.008216,-0.004818,false,,3,0,READY,UNAVAILABLE
SYN-0115,OPTIONAL_COVERAGE_MISSING,optional coverage不足,5,0.004389,0.005852,-0.0001,false,,1,0,READY,UNAVAILABLE
SYN-0115,OPTIONAL_COVERAGE_MISSING,optional coverage不足,15,-0.006846,0.0001,-0.009944,true,,2,0,READY,UNAVAILABLE
SYN-0115,OPTIONAL_COVERAGE_MISSING,optional coverage不足,30,0.005047,0.009282,-0.001221,false,,2,0,READY,UNAVAILABLE
SYN-0115,OPTIONAL_COVERAGE_MISSING,optional coverage不足,60,-0.002451,0.00453,-0.007777,true,,1,0,READY,UNAVAILABLE
SYN-0116,OPTIONAL_COVERAGE_MISSING,optional coverage不足,5,-0.002076,0.0001,-0.002203,true,,0,0,READY,UNAVAILABLE
SYN-0116,OPTIONAL_COVERAGE_MISSING,optional coverage不足,15,0.004517,0.007878,-0.0001,false,,2,0,READY,UNAVAILABLE
SYN-0116,OPTIONAL_COVERAGE_MISSING,optional coverage不足,30,-0.008464,0.0001,-0.012653,true,,3,0,READY,UNAVAILABLE
SYN-0116,OPTIONAL_COVERAGE_MISSING,optional coverage不足,60,-0.01046,0.0001,-0.017134,true,,4,0,READY,UNAVAILABLE
SYN-0117,OPTIONAL_COVERAGE_MISSING,optional coverage不足,5,0.000764,0.002554,-0.001728,false,,0,0,READY,UNAVAILABLE
SYN-0117,OPTIONAL_COVERAGE_MISSING,optional coverage不足,15,0.002425,0.006933,-0.002338,false,,2,0,READY,UNAVAILABLE
SYN-0117,OPTIONAL_COVERAGE_MISSING,optional coverage不足,30,0.001261,0.005682,-0.003414,false,,3,0,READY,UNAVAILABLE
SYN-0117,OPTIONAL_COVERAGE_MISSING,optional coverage不足,60,0.011844,0.017129,-0.0001,false,,0,0,READY,UNAVAILABLE
SYN-0118,OPTIONAL_COVERAGE_MISSING,optional coverage不足,5,0.003213,0.005764,-0.0001,false,,1,0,READY,UNAVAILABLE
SYN-0118,OPTIONAL_COVERAGE_MISSING,optional coverage不足,15,0.004365,0.008597,-0.000251,false,,1,0,READY,UNAVAILABLE
SYN-0118,OPTIONAL_COVERAGE_MISSING,optional coverage不足,30,0.004117,0.008169,-0.002462,false,,2,0,READY,UNAVAILABLE
SYN-0118,OPTIONAL_COVERAGE_MISSING,optional coverage不足,60,-0.004828,0.002311,-0.013957,true,,2,0,READY,UNAVAILABLE
SYN-0119,OPTIONAL_COVERAGE_MISSING,optional coverage不足,5,-0.002394,0.000294,-0.005169,true,,1,0,READY,UNAVAILABLE
SYN-0119,OPTIONAL_COVERAGE_MISSING,optional coverage不足,15,0.000978,0.005385,-0.003738,false,,0,0,READY,UNAVAILABLE
SYN-0119,OPTIONAL_COVERAGE_MISSING,optional coverage不足,30,-0.003125,0.002686,-0.008263,true,,3,0,READY,UNAVAILABLE
SYN-0119,OPTIONAL_COVERAGE_MISSING,optional coverage不足,60,0.020226,0.026554,-0.0001,false,,2,0,READY,UNAVAILABLE
SYN-0120,OPTIONAL_COVERAGE_MISSING,optional coverage不足,5,0.000416,0.001186,-0.00211,false,,1,0,READY,UNAVAILABLE
SYN-0120,OPTIONAL_COVERAGE_MISSING,optional coverage不足,15,-0.001062,0.003217,-0.002009,true,,2,0,READY,UNAVAILABLE
SYN-0120,OPTIONAL_COVERAGE_MISSING,optional coverage不足,30,-0.002577,0.003393,-0.008871,true,,2,0,READY,UNAVAILABLE
SYN-0120,OPTIONAL_COVERAGE_MISSING,optional coverage不足,60,-0.009312,0.0001,-0.013007,true,,2,0,READY,UNAVAILABLE
