anon_wallet_id,split,original_fill_rows,corrected_fill_rows,same_fixed_window_coverage,twap_rows,perp_fills,episodes,completed_uncensored,quantity_mismatches,continuity_errors,eligible,exclusion_reasons
P079,held_out,16061,0,False,0,0,0,0,0,0,False,refetch_coverage_loss;no_perp_fills;no_completed_episode
P077,exploratory,12079,12329,True,0,12329,32,30,0,0,True,
P076,validation,40,40,True,0,40,8,8,0,0,True,
P012,exploratory,17686,13815,False,0,13815,2594,2576,0,0,False,refetch_coverage_loss
P030,exploratory,15774,9727,False,0,9727,4,0,0,0,False,refetch_coverage_loss;no_completed_episode
P090,held_out,11526,9357,False,0,9357,520,512,0,0,False,refetch_coverage_loss
P033,exploratory,310,310,True,0,310,41,37,0,0,True,
P018,held_out,1516,1516,True,0,1516,59,57,0,0,True,
P020,exploratory,1007,1007,True,0,1007,78,77,0,0,True,
P057,validation,7001,7029,True,0,6905,127,121,0,0,True,
P028,exploratory,9982,7794,False,0,7794,119,117,0,0,False,refetch_coverage_loss
P080,exploratory,444,444,True,0,444,148,147,0,0,True,
P052,exploratory,11351,8952,False,0,8952,2027,1823,0,0,False,refetch_coverage_loss
P074,held_out,23,23,True,0,23,4,3,0,0,True,
P038,exploratory,2995,2997,True,0,2997,88,79,0,0,True,
P015,validation,0,0,True,0,0,0,0,0,0,False,no_perp_fills;no_completed_episode
P023,held_out,2034,0,False,0,0,0,0,0,0,False,refetch_coverage_loss;no_perp_fills;no_completed_episode
P031,validation,0,0,True,0,0,0,0,0,0,False,no_perp_fills;no_completed_episode
P096,exploratory,2951,3005,True,785,3789,24,5,0,1,False,twap_retention_gap
P067,exploratory,3239,3239,True,0,3239,1601,1598,0,0,True,
P088,exploratory,2097,2098,True,0,2098,42,41,0,0,True,
P070,exploratory,11017,11017,True,0,11017,3899,3890,0,0,True,
P046,held_out,1961,1961,True,0,1961,37,22,6,40,False,unrecoverable_fill_gap;quantity_mismatch
P095,exploratory,9716,7662,False,0,7660,50,46,0,0,False,refetch_coverage_loss
P098,exploratory,9613,1244,False,0,1244,93,13,0,0,False,refetch_coverage_loss
P051,exploratory,16642,16896,True,0,16896,67,66,0,0,True,
P059,exploratory,4841,4892,True,0,4892,12,9,0,0,True,
P034,exploratory,1704,1704,True,0,1704,138,95,0,0,True,
P060,exploratory,8276,2966,False,0,2966,66,11,0,0,False,refetch_coverage_loss
P078,validation,16850,8591,False,0,8591,54,46,0,0,False,refetch_coverage_loss
P081,exploratory,5,5,True,0,5,1,1,0,0,True,
P043,exploratory,10170,10170,True,0,10170,3400,3396,0,0,True,
P092,exploratory,19236,12190,False,0,12190,23,17,0,0,False,refetch_coverage_loss
P085,exploratory,5070,5082,True,0,5082,59,55,0,0,True,
P017,held_out,1070,1070,True,0,1070,95,94,0,0,True,
P093,exploratory,8502,8503,True,0,8503,13,11,0,0,True,
P062,exploratory,10750,8431,False,0,8431,1877,1676,0,0,False,refetch_coverage_loss
P084,held_out,11010,11010,True,0,11005,3566,3559,0,0,True,
P032,validation,14862,14868,True,0,14868,1,0,0,0,False,no_completed_episode
P021,validation,5744,0,False,0,0,0,0,0,0,False,refetch_coverage_loss;no_perp_fills;no_completed_episode
P055,exploratory,0,0,True,0,0,0,0,0,0,False,no_perp_fills;no_completed_episode
P025,exploratory,6239,421,False,0,421,33,31,0,0,False,refetch_coverage_loss
P002,validation,7833,1141,False,0,1141,54,52,0,0,False,refetch_coverage_loss
P100,exploratory,12253,10923,False,0,10923,32,24,0,0,False,refetch_coverage_loss
P064,held_out,10678,8517,False,0,8517,2947,2945,0,0,False,refetch_coverage_loss
P069,exploratory,397,397,True,1925,2322,42,28,1,13,False,twap_retention_gap;quantity_mismatch
P049,exploratory,886,886,True,0,886,356,356,0,0,True,
P001,exploratory,4245,4245,True,0,4245,53,51,0,0,True,
P094,held_out,10583,7963,False,0,7963,26,4,0,0,False,refetch_coverage_loss
P026,exploratory,0,0,True,0,0,0,0,0,0,False,no_perp_fills;no_completed_episode
P058,exploratory,11557,8734,False,0,8734,382,336,0,0,False,refetch_coverage_loss
P039,validation,12654,8739,False,0,8739,443,393,0,0,False,refetch_coverage_loss
P083,exploratory,11075,9959,False,0,9959,689,680,0,0,False,refetch_coverage_loss
P047,validation,823,823,True,0,823,19,15,0,0,True,
P041,held_out,6370,0,False,0,0,0,0,0,0,False,refetch_coverage_loss;no_perp_fills;no_completed_episode
P037,validation,4397,0,False,0,0,0,0,0,0,False,refetch_coverage_loss;no_perp_fills;no_completed_episode
P044,exploratory,63,63,True,0,63,7,3,0,0,True,
P087,exploratory,11938,11940,True,0,11940,1834,1832,0,0,True,
P065,exploratory,1500,1500,True,0,1500,165,163,0,0,True,
P007,held_out,0,0,True,0,0,0,0,0,0,False,no_perp_fills;no_completed_episode
P019,held_out,74,74,True,0,74,13,12,0,0,True,
P040,exploratory,0,0,True,0,0,0,0,0,0,False,no_perp_fills;no_completed_episode
P035,exploratory,0,0,True,0,0,0,0,0,0,False,no_perp_fills;no_completed_episode
P082,validation,3073,3073,True,0,3063,8,4,0,0,True,
P050,exploratory,9824,1211,False,0,1211,27,25,0,0,False,refetch_coverage_loss
P066,exploratory,642,642,True,1949,2591,57,20,9,467,False,twap_retention_gap;quantity_mismatch
P053,exploratory,3050,3055,True,1719,4692,107,69,4,27,False,twap_retention_gap;quantity_mismatch
P054,held_out,5443,5446,True,0,5257,292,241,0,0,True,
P063,validation,4621,4663,True,0,4624,8,6,0,0,True,
P068,validation,76,76,True,483,559,9,4,0,0,True,
P016,validation,0,0,True,0,0,0,0,0,0,False,no_perp_fills;no_completed_episode
P042,exploratory,1178,1178,True,1186,2364,3,0,0,1,False,twap_retention_gap;no_completed_episode
P004,held_out,126,126,True,0,126,40,40,0,0,True,
P003,exploratory,12606,9509,False,0,9509,1541,1538,0,0,False,refetch_coverage_loss
P014,held_out,0,0,True,0,0,0,0,0,0,False,no_perp_fills;no_completed_episode
P091,held_out,2125,2126,True,0,2119,58,53,0,0,True,
P073,exploratory,22856,22877,True,0,21807,233,229,0,0,True,
P056,exploratory,5682,0,False,0,0,0,0,0,0,False,refetch_coverage_loss;no_perp_fills;no_completed_episode
P061,exploratory,11277,62,False,0,62,13,0,0,0,False,refetch_coverage_loss;no_completed_episode
P027,held_out,12136,12138,True,0,12138,1378,1377,0,0,True,
P045,exploratory,18369,16393,False,0,16393,98,58,0,0,False,refetch_coverage_loss
P011,validation,53,53,True,0,53,5,5,0,0,True,
P048,held_out,111,111,True,0,111,43,42,0,0,True,
P006,exploratory,0,0,True,0,0,0,0,0,0,False,no_perp_fills;no_completed_episode
P089,exploratory,33119,0,False,405,405,5,0,0,0,False,refetch_coverage_loss;no_completed_episode
P024,exploratory,12448,11324,False,0,11324,2,0,0,0,False,refetch_coverage_loss;no_completed_episode
P072,exploratory,0,0,True,0,0,0,0,0,0,False,no_perp_fills;no_completed_episode
P005,exploratory,16029,16038,True,0,16038,456,454,0,0,True,
P071,exploratory,4,4,True,0,4,2,2,0,0,True,
P010,exploratory,11588,9239,False,0,9239,2011,1809,0,0,False,refetch_coverage_loss
P075,held_out,8202,205,False,0,205,38,0,0,0,False,refetch_coverage_loss;no_completed_episode
P013,exploratory,10136,10136,True,0,10136,4618,4617,0,0,True,
P099,validation,0,0,True,0,0,0,0,0,0,False,no_perp_fills;no_completed_episode
P008,exploratory,154,154,True,0,154,2,2,0,0,True,
P029,validation,13881,10824,False,0,10824,45,39,0,0,False,refetch_coverage_loss
P036,validation,33,33,True,0,33,11,9,0,0,True,
P086,exploratory,12102,7652,False,0,7652,343,296,0,0,False,refetch_coverage_loss
P022,exploratory,1147,1147,True,0,1147,86,82,0,0,True,
P009,exploratory,14166,2974,False,0,2974,38,30,0,0,False,refetch_coverage_loss
P097,validation,29362,29517,True,0,29517,59,26,8,268,False,unrecoverable_fill_gap;quantity_mismatch
