episode_id,account_alias,coin,side,entry_time,feature_availability,return_5m,return_15m,return_1h,volume_ratio_5m,volume_ratio_15m,volume_zscore_1h,realized_volatility,distance_from_local_high,distance_from_local_low,range_position,breakout_distance,btc_return_5m,btc_return_15m,btc_relative_strength_5m,btc_relative_strength_15m,funding_rate,mark_price,oi,missing_features,source_window_start,source_window_end_exclusive
A01-M001,A01,SUI,SHORT,2026-09-21T09:34:12.770000Z,PRICE_VOLUME_BTC_FUNDING,0.00426460378855,0.0126303789114,0.041544522274,1.15306686057,0.947236243406,0.295655242712,0.00622905133546,-0.00157759810688,0.0432722027612,0.963302752294,-0.0414773849496,0.00557782191406,0.00657142857143,-0.00131321812551,0.00605895033994,0.000051768,,,"mark,oi",2026-09-21T08:30:00Z,2026-09-21T09:30:00Z
A01-M002,A01,ADA,SHORT,2026-09-21T09:37:17.161000Z,PRICE_VOLUME_BTC_FUNDING,0.00484564935879,0.0139521160007,0.0278157579901,1.6713380658,1.73605800183,0.999641479124,0.00301575083366,0,0.0282551081474,1,-0.0274786946581,0.00383200671784,0.00935924269813,0.00101364264095,0.00459287330255,0.0000125,,,"mark,oi",2026-09-21T08:35:00Z,2026-09-21T09:35:00Z
A01-M003,A01,PENGU,SHORT,2026-09-23T04:57:51.613000Z,PRICE_VOLUME_BTC_FUNDING,-0.00435467432595,0.0163624326114,0.0327727054301,0.323406766521,0.384719798764,-0.328238464413,0.00896366232102,-0.00481570661234,0.0499267220322,0.907637655417,-0.0475525777033,-0.000699020225749,0.000412995594714,-0.0036556541002,0.0159494370167,0.0000879226,,,"mark,oi",2026-09-23T03:55:00Z,2026-09-23T04:55:00Z
A02-M012,A02,BTC,LONG,2026-09-14T16:07:46.508000Z,PRICE_VOLUME_BTC_FUNDING,-0.00126034373011,-0.000916928797932,0.00203085883615,0.645901087552,0.930966354795,-0.81822170548,0.00102721258183,-0.00269504087055,0.00213325839252,0.440633245383,-0.00269504087055,-0.00126034373011,-0.000916928797932,0,0,0.0000125,,,"mark,oi",2026-09-14T15:05:00Z,2026-09-14T16:05:00Z
A02-M013,A02,XRP,LONG,2026-09-14T16:07:50.806000Z,PRICE_VOLUME_BTC_FUNDING,-0.00099771949829,-0.00099771949829,0.00530694205393,0.508596268068,0.653223683907,-0.654051960153,0.00174129646351,-0.00376661218108,0.00696789023777,0.646666666667,-0.00376661218108,-0.00126034373011,-0.000916928797932,0.000262624231819,-8.07907003578e-05,0.0000125,,,"mark,oi",2026-09-14T15:05:00Z,2026-09-14T16:05:00Z
A02-M014,A02,FET,SHORT,2026-09-15T08:05:01.361000Z,PRICE_VOLUME_BTC_FUNDING,-0.00258479384693,-0.00409165302782,-0.0137148556823,18.2485021196,7.55636170882,16.640470771,0.00200552635698,-0.0140221862146,0.00151927581186,0.0963855421687,0.00139055685481,-0.000910249408338,-0.00205221457332,-0.00167454443859,-0.0020394384545,0.0000125,,,"mark,oi",2026-09-15T07:05:00Z,2026-09-15T08:05:00Z
A02-M015,A02,AAVE,SHORT,2026-09-16T00:02:50.640000Z,PRICE_VOLUME_BTC_FUNDING,-0.00114463249121,-0.00106295993459,-0.000817862108448,2.34238078638,0.706962846857,1.67153274999,0.00316037919715,-0.00988734905584,0.00402695595003,0.286549707602,-0.00401080461652,-0.000726907471287,-0.000502339846125,-0.000417725019924,-0.000560620088462,0.0000125,,,"mark,oi",2026-09-15T23:00:00Z,2026-09-16T00:00:00Z
A02-M016,A02,FIL,SHORT,2026-09-16T16:04:10.021000Z,PRICE_VOLUME_BTC_FUNDING,-0.00131218401451,0.00209115904426,0.00123815051267,0.92894299491,0.405146412618,-0.0463745149074,0.00210245014546,-0.00483283765768,0.00704389788294,0.590217391304,-0.00699462843452,-0.000738464784461,0.000845297372974,-0.000573719230051,0.00124586167129,0.0000125,,,"mark,oi",2026-09-16T15:00:00Z,2026-09-16T16:00:00Z
A02-M017,A02,ETH,LONG,2026-09-17T16:04:31.200000Z,PRICE_VOLUME_BTC_FUNDING,0.000243033052495,-0.000526166673412,0.00345402088667,0.282983550845,0.353389491671,-0.829899227451,0.00173773358744,-0.00322919189473,0.00894790602656,0.732441471572,-0.00322919189473,0.00040414575321,3.90966077177e-05,-0.000161112700715,-0.00056526328113,0.0000125,,,"mark,oi",2026-09-17T15:00:00Z,2026-09-17T16:00:00Z
A02-M018,A02,PENGU,SHORT,2026-09-20T16:02:45.626000Z,PRICE_VOLUME_BTC_FUNDING,0.0018186541959,0.0066570943741,0.0138030761141,32.6350018947,9.43910090807,30.1773431807,0.0019957273948,-0.000129651238169,0.0138030761141,0.990566037736,-0.0136151452282,-0.000135903138127,0.000902839616108,0.00195455733402,0.00575425475799,0.0000125,,,"mark,oi",2026-09-20T15:00:00Z,2026-09-20T16:00:00Z
A03-M007,A03,CHIP,LONG,2026-09-15T13:16:04.538000Z,PRICE_VOLUME_BTC_FUNDING,-0.00565189466924,-0.0237350552389,-0.0497176528357,5.53548315035,2.69243710277,5.24043457421,0.00728046814481,-0.052253972918,0.0022009321595,0.0383055430374,-0.052253972918,-0.000727140519906,0.000233948531323,-0.00492475414933,-0.0239690037702,0.0000125,,,"mark,oi",2026-09-15T12:15:00Z,2026-09-15T13:15:00Z
A03-M008,A03,LIT,LONG,2026-09-29T14:41:50.071000Z,PRICE_VOLUME_BTC,-0.000419426048565,0.0126352983272,0.0137234709412,0.547845699425,0.661743434048,-0.687910160859,0.00481478823934,-0.00125722352111,0.0174362431188,0.931572629052,-0.00112503308921,-0.00028609574671,-0.000321846205195,-0.000133330301855,0.0129571445324,,,,"funding_rate,mark,oi",2026-09-29T13:40:00Z,2026-09-29T14:40:00Z
A03-M009,A03,NEAR,LONG,2026-09-29T18:43:21.786000Z,PRICE_VOLUME_BTC_FUNDING,0.00749250749251,0.00652720667492,0.0260244984332,0.860967260474,0.645314564755,-0.172470081099,0.00929676963149,-0.00251226459883,0.0602619903699,0.957567657868,0.00144979345408,-2.39371888165e-05,0.00088648234223,0.00751644468132,0.00564072433269,0.0000125,,,"mark,oi",2026-09-29T17:40:00Z,2026-09-29T18:40:00Z
A05-M005,A05,HYPE,SHORT,2026-09-17T13:20:57.764000Z,PRICE_VOLUME_BTC_FUNDING,0.00441632551793,-0.00937209416141,0.00867073626511,3.18042379572,1.36175056774,2.25733494531,0.00613889256747,-0.0157665049901,0.0117208976858,0.419686800895,-0.0115851097992,0.000247957612299,-0.00239492899816,0.00416836790563,-0.00697716516324,0.0000125,,,"mark,oi",2026-09-17T12:20:00Z,2026-09-17T13:20:00Z
A05-M006,A05,HYPE,SHORT,2026-09-17T13:21:04.135000Z,PRICE_VOLUME_BTC_FUNDING,0.00441632551793,-0.00937209416141,0.00867073626511,3.18042379572,1.36175056774,2.25733494531,0.00613889256747,-0.0157665049901,0.0117208976858,0.419686800895,-0.0115851097992,0.000247957612299,-0.00239492899816,0.00416836790563,-0.00697716516324,0.0000125,,,"mark,oi",2026-09-17T12:20:00Z,2026-09-17T13:20:00Z
A05-M007,A05,HYPE,SHORT,2026-09-17T13:21:14.121000Z,PRICE_VOLUME_BTC_FUNDING,0.00441632551793,-0.00937209416141,0.00867073626511,3.18042379572,1.36175056774,2.25733494531,0.00613889256747,-0.0157665049901,0.0117208976858,0.419686800895,-0.0115851097992,0.000247957612299,-0.00239492899816,0.00416836790563,-0.00697716516324,0.0000125,,,"mark,oi",2026-09-17T12:20:00Z,2026-09-17T13:20:00Z
A05-M008,A05,HYPE,SHORT,2026-09-17T13:22:38.325000Z,PRICE_VOLUME_BTC_FUNDING,0.00441632551793,-0.00937209416141,0.00867073626511,3.18042379572,1.36175056774,2.25733494531,0.00613889256747,-0.0157665049901,0.0117208976858,0.419686800895,-0.0115851097992,0.000247957612299,-0.00239492899816,0.00416836790563,-0.00697716516324,0.0000125,,,"mark,oi",2026-09-17T12:20:00Z,2026-09-17T13:20:00Z
A05-M009,A05,BTC,LONG,2026-09-18T09:42:52.190000Z,PRICE_VOLUME_BTC_FUNDING,-0.000922213825522,-0.00347501692793,0.00134795111431,0.615044545303,0.806538490358,-0.459748624872,0.00128332810845,-0.00567269204293,0.00175947806432,0.235395189003,-0.00567269204293,-0.000922213825522,-0.00347501692793,0,0,0.0000125,,,"mark,oi",2026-09-18T08:40:00Z,2026-09-18T09:40:00Z
A06-M001,A06,HYPE,SHORT,2026-09-18T00:58:25.225000Z,PRICE_VOLUME_BTC_FUNDING,0.00226083511054,0.00222579592598,0.0115976804639,1.30379499333,1.13274634285,0.982107250249,0.00307829931537,-0.000499732701113,0.0124908761272,0.961050724638,-0.0123367789496,0.00160988442862,0.00259406770779,0.000650950681914,-0.00036827178181,0.0000125,,,"mark,oi",2026-09-17T23:55:00Z,2026-09-18T00:55:00Z
A09-M001,A09,HYPE,LONG,2026-09-21T08:53:58.292000Z,PRICE_VOLUME_BTC_FUNDING,0.00190305961518,0.00456471778869,0.0137232582632,1.4975611712,3.73229571481,0.462587122927,0.00166614046011,-0.000985479897259,0.0137340425532,0.932129963899,-0.000157387782511,0.00283475868668,0.0150117430571,-0.000931699071499,-0.0104470252684,0.0000125,,,"mark,oi",2026-09-21T07:50:00Z,2026-09-21T08:50:00Z
A09-M002,A09,ZEC,LONG,2026-09-21T08:54:21.639000Z,PRICE_VOLUME_BTC_FUNDING,0.00622351694915,0.00795861520095,0.0216456036569,1.77932117513,1.65038645783,1.82770100824,0.00232556463527,-0.00314836678473,0.0229521437706,0.876606683805,-0.00314836678473,0.00283475868668,0.0150117430571,0.00338875826247,-0.00705312785611,0.0000125,,,"mark,oi",2026-09-21T07:50:00Z,2026-09-21T08:50:00Z
A10-M001,A10,VVV,LONG,2026-09-21T01:17:10.624000Z,PRICE_VOLUME_BTC_FUNDING,0.00301709688233,0.00311798035337,0.00459993956284,0.619067593893,1.11159762773,-0.671269019492,0.00451088892034,-0.00462423899664,0.0173064499677,0.78549382716,-0.00462423899664,0.000232225576592,0.00209392028409,0.00278487130574,0.00102406006928,0.0000125,,,"mark,oi",2026-09-21T00:15:00Z,2026-09-21T01:15:00Z
A10-M002,A10,VVV,LONG,2026-09-21T02:26:28.387000Z,PRICE_VOLUME_BTC_FUNDING,0.0224450965849,0.0271820125705,0.018438212714,4.67391657475,1.64676476811,4.74476277784,0.010298443238,-0.00370800992992,0.0467842049657,0.923127035831,0.0112269958218,0.000220888708905,0.00221328710022,0.022224207876,0.0249687254702,0.0000125,,,"mark,oi",2026-09-21T01:25:00Z,2026-09-21T02:25:00Z
A11-M004,A11,BTC,LONG,2026-09-15T18:50:13.734000Z,PRICE_VOLUME_BTC_FUNDING,-0.00948004964483,-0.0225916564609,-0.0252205662608,4.22638985079,4.94433926064,3.77334388506,0.00381700978277,-0.0283012758241,0.00106752068321,0.0353200883002,-0.0283012758241,-0.00948004964483,-0.0225916564609,0,0,0.0000125,,,"mark,oi",2026-09-15T17:50:00Z,2026-09-15T18:50:00Z
