domain,field,availability,official_source,raw_fields_or_derivation,history_boundary,proposed_grain,quality_rule
wallet,fills,取得可能,userFillsByTime,"coin,px,sz,side,time,startPosition,closedPnl,fee,tid,oid,crossed,liquidation",2000/responseかつ直近10000 fillsのみ,wallet×fill,"inclusive overlap+dedup; cap/retention riskなら不適格"
wallet,TWAP fills,取得可能,userTwapSliceFillsByTime,"fill.*,twapId",endpoint保持上限あり,wallet×TWAP slice,"通常fillとtid dedup後startPosition鎖で整列"
wallet,Funding cash flow,取得可能,userFunding,"time,coin,usdc,szi,fundingRate",time-range pagination上限あり,wallet×funding event,"inclusive overlap+dedup; 欠測を0にしない"
wallet,current position size,forwardなら取得可能,clearinghouseState,"assetPositions[].position.szi",任意過去snapshotなし,wallet×snapshot×coin,"snapshot間を前方補完しない"
wallet,side,forwardなら取得可能,clearinghouseState,"sign(szi)",任意過去snapshotなし,wallet×snapshot×coin,"szi=0はflat; missingはNULL"
wallet,entry price,forwardなら取得可能,clearinghouseState,"assetPositions[].position.entryPx",任意過去snapshotなし,wallet×snapshot×coin,"API値を保存しfillから過去stateを捏造しない"
wallet,configured leverage,forwardなら取得可能,clearinghouseState/activeAssetData,"position.leverage or activeAssetData.leverage",任意過去snapshotなし,wallet×snapshot×coin,"typeとvalueを分離保存"
wallet,margin mode,forwardなら取得可能,clearinghouseState/activeAssetData,"leverage.type (cross/isolated)",任意過去snapshotなし,wallet×snapshot×coin,"unknown enumはraw保持しUNAVAILABLE"
wallet,liquidation price,forwardなら取得可能,clearinghouseState,"assetPositions[].position.liquidationPx",任意過去snapshotなし,wallet×snapshot×coin,"nullを0へ変換しない"
wallet,account equity,forwardなら取得可能,clearinghouseState,"marginSummary.accountValue,crossMarginSummary.accountValue",任意過去snapshotなし,wallet×snapshot,"account mode/source fieldを併記"
wallet,margin usage,forwardなら取得可能,clearinghouseState,"marginSummary.totalMarginUsed,crossMarginSummary.totalMarginUsed,crossMaintenanceMarginUsed",任意過去snapshotなし,wallet×snapshot,"account mode/source fieldを併記"
wallet,effective leverage proxy,forwardなら取得可能,derived from clearinghouseState,"abs(positionValue) / applicable accountValue",入力snapshotより前は復元不能,wallet×snapshot×coin,"accountValue<=0またはmode不明はNULL"
wallet,add/reduce/close,取得可能,derived from canonical fills,"startPosition+side+sz",fill retention内のみ,wallet×fill transition,"continuity error時はUNAVAILABLE"
wallet,realized-loss exit,取得可能,derived from canonical fills,"close/reduce and closedPnl<0",fill retention内のみ,wallet×fill transition,"明示closedPnlのみ; Funding/feeは別列"
wallet,liquidation event,forwardなら取得可能,userEvents/userFills,"WsLiquidation or fill.liquidation",市場全体や任意過去の完全履歴なし,wallet×event,"明示event/fillだけTRUE; 経路欠測はUNAVAILABLE"
btc,price/OHLCV,取得可能,candleSnapshot/candle WS,"t,T,o,h,l,c,v,n",APIは直近5000 candles,BTC×1m candle,"確定足のみ; duplicate/gap監査"
btc,volume,取得可能,candleSnapshot/candle WS,v,APIは直近5000 candles,BTC×1m candle,"base volumeとして保存; 0とmissingを区別"
btc,mark price,forwardなら取得可能,metaAndAssetCtxs/activeAssetCtx,markPx,"S3 asset_ctxsは遅延・欠測可能",BTC×asset-context update,"forward streamを正本; S3はsource別"
btc,open interest,forwardなら取得可能,metaAndAssetCtxs/activeAssetCtx,openInterest,"S3 asset_ctxsは遅延・欠測可能",BTC×asset-context update,"単位metadataを固定しgapを補完しない"
btc,OI change,forwardなら取得可能,derived from activeAssetCtx,openInterest delta,"forward観測開始後のみ",BTC×window,"両端coverage不足ならNULL"
btc,Funding rate,取得可能,fundingHistory/activeAssetCtx,"fundingRate or ctx.funding",historical endpoint pagination上限あり,BTC×funding observation,"source time<=feature cutoffのみ"
btc,volatility,取得可能,derived from completed candles,"return series / high-low range",candle coverage内のみ,BTC×window,"必要本数不足はNULL"
btc,aggressive buy/sell flow,forwardなら取得可能,trades WS,"side,px,sz,time,tid",公式APIに完全な任意過去trade履歴保証なし,BTC×trade then window,"reconnect gap windowはUNAVAILABLE"
btc,large trade flow,forwardなら取得可能,derived from trades WS,"abs(px*sz) and side",forward trades coverage内のみ,BTC×trade then window,"閾値はPHASE 1で事前登録"
btc,order-book imbalance,forwardなら取得可能,l2Book WS,"levels[bid/ask].px,sz,n",S3 l2Bookは月次程度・欠測可能,BTC×book snapshot then window,"深度と集計方式を固定; BBOだけで代用しない"
btc,BBO spread,forwardなら取得可能,bbo WS,"best bid/ask px,sz",任意過去の完全系列なし,BTC×BBO update,"stale/gapを記録"
btc,liquidation flow,取得不能,none,"市場全体を網羅する公式公開liquidation feedなし",観測walletの明示eventとは別,none,"proxyを同名で保存しない"
btc,local high/low/breakout,取得可能,derived from completed candles,"past-only rolling high/low and close",candle coverage内のみ,BTC×window,"event cutoff以前の確定足だけ使用"
